EmployeeID	Age	Department	JobLevel	YearsAtCompany	MonthlyIncome	JobSatisfaction	WorkLifeBalance	OverTime	DistanceFromHome	PromotionLast5Years	PerformanceRating	TrainingHoursLastYear	Attrition
EMP0000	42	Sales	3	9	9866	4	1	No	24.5	Yes	4	19	No
EMP0001	36	Sales	3	7	8958	3	3	No	10	No	2	13	No
EMP0002	44	Sales	4	16	11716	4	3	No	4	No	4	13	No
EMP0003	53	Finance	4	30	17061	5	3	No	7.1	No	3	20	No
EMP0004	35	HR	2	4	5738	2	3	No	8.4	No	2	15	No
EMP0005	35	Sales	1	1	3839	2	3	No	3.1	No	2	18	No
EMP0006	53	IT	4	31	17377	3	3	No	8.9	No	4	18	No
EMP0007	45	Finance	2	5	8463	4	3	No	17.6	No	2	8	No
EMP0008	33	HR	2	8	6956	5	3	No	3.6	No	2	7	No
EMP0009	43	Engineering	2	4	9383	1	3	Yes	8.6	No	3	10	No
EMP0010	33	Finance	2	3	8594	4	3	No	4.5	No	2	13	No
EMP0011	33	Engineering	1	1	5517	2	2	No	8.2	No	3	23	Yes
EMP0012	40	Finance	3	11	10530	4	1	No	8.6	No	3	18	No
EMP0013	22	Finance	1	0	5729	3	2	Yes	4	No	3	18	No
EMP0014	22	Sales	1	0	4524	1	3	No	6.1	No	3	15	No
EMP0015	32	IT	2	2	8191	2	3	No	12.5	No	2	13	No
EMP0016	27	HR	2	5	6277	3	3	Yes	11.5	Yes	2	19	Yes
EMP0017	41	Engineering	4	13	14731	5	4	Yes	3.3	No	2	13	No
EMP0018	28	IT	2	4	9583	2	3	Yes	8.1	No	3	19	No
EMP0019	23	Engineering	1	0	4994	3	2	Yes	6.5	Yes	3	20	No
EMP0020	52	Finance	4	25	16061	5	2	No	5.4	No	1	14	No
EMP0021	35	Finance	3	13	11207	3	1	No	5.5	No	3	17	No
EMP0022	38	Sales	2	2	6269	3	2	No	11.3	No	2	14	No
EMP0023	23	IT	1	1	5730	4	2	No	3.9	Yes	3	9	Yes
EMP0024	32	HR	3	6	7609	3	2	No	19.2	No	1	14	No
EMP0025	39	Engineering	4	14	15186	5	4	No	6.1	No	2	15	No
EMP0026	26	IT	2	4	7405	1	3	No	14.5	No	3	9	No
EMP0027	41	HR	3	5	7183	5	3	Yes	14.7	Yes	2	12	No
EMP0028	31	Finance	1	0	4572	2	3	No	2.3	No	3	11	No
EMP0029	35	Operations	2	3	5719	3	3	No	12.7	No	3	12	No
EMP0030	31	Sales	2	5	6652	4	1	No	14.9	No	3	15	No
EMP0031	56	Sales	3	31	12746	3	4	Yes	6	No	2	20	No
EMP0032	37	Sales	3	10	9278	3	2	No	5.1	Yes	3	15	No
EMP0033	27	Operations	2	5	6195	5	4	No	33.5	No	2	9	No
EMP0034	46	Sales	4	13	11588	3	3	No	15.9	No	3	14	No
EMP0035	25	Engineering	2	2	8350	3	2	No	3.5	No	3	20	No
EMP0036	40	Engineering	4	11	14664	4	2	No	7.3	No	2	9	No
EMP0037	22	Engineering	1	0	5832	2	3	Yes	3.7	No	2	12	No
EMP0038	24	Finance	2	2	7610	3	2	No	8	No	2	19	No
EMP0039	39	IT	3	9	11002	3	3	Yes	10.6	Yes	2	16	No
EMP0040	45	Engineering	2	5	9125	3	2	No	6.3	No	3	8	No
EMP0041	39	Engineering	3	8	12417	1	3	No	16.2	No	2	13	No
EMP0042	36	Operations	1	1	3819	5	3	No	8	No	1	12	No
EMP0043	34	Engineering	2	3	8795	4	2	Yes	8.1	No	3	13	No
EMP0044	23	IT	1	0	5578	5	2	No	34.4	No	2	14	No
EMP0045	30	HR	2	3	6340	4	4	No	5.5	No	3	17	No
EMP0046	33	Engineering	3	7	11416	2	3	No	19.3	No	2	15	No
EMP0047	48	IT	3	25	14082	3	3	No	26.1	No	3	14	Yes
EMP0048	41	Engineering	4	18	15838	1	3	No	5.8	Yes	3	21	No
EMP0049	22	Sales	1	0	4627	4	4	Yes	3.5	No	1	22	No
EMP0050	41	Sales	4	18	12049	4	3	No	6.3	No	3	14	No
EMP0051	34	IT	2	8	9472	3	2	No	12.7	No	2	21	No
EMP0052	31	Operations	3	9	8643	5	3	No	17.9	No	3	15	No
EMP0053	44	Engineering	3	7	12107	4	3	No	8.2	No	2	16	No
EMP0054	48	Operations	1	0	4001	4	1	Yes	19.9	No	2	17	No
EMP0055	47	Marketing	3	9	10976	3	3	Yes	2.6	No	3	16	No
EMP0056	29	Engineering	3	5	10745	3	4	Yes	10.5	No	2	14	No
EMP0057	34	Finance	1	1	5921	4	3	No	10.3	No	4	18	No
EMP0058	41	Finance	2	2	8156	4	3	No	1.9	No	3	9	No
EMP0059	47	HR	3	10	8930	4	3	No	9.1	Yes	2	13	No
EMP0060	33	Sales	1	1	5176	5	2	No	20.7	No	3	14	No
EMP0061	36	Sales	2	2	5701	2	2	Yes	8.6	No	2	10	Yes
EMP0062	26	Operations	2	2	7263	2	4	No	9.1	No	1	16	No
EMP0063	26	Operations	1	2	4759	4	2	No	11	No	2	16	No
EMP0064	46	Finance	3	13	12814	3	2	No	11.3	No	4	13	No
EMP0065	51	Operations	2	5	7562	3	1	No	2.8	Yes	2	7	No
EMP0066	37	Finance	4	14	14414	5	4	No	6.3	No	3	18	No
EMP0067	48	Operations	2	13	7958	4	3	Yes	15.6	No	4	13	No
EMP0068	41	Sales	3	6	9374	4	2	Yes	13.5	No	3	11	No
EMP0069	31	Engineering	2	9	8609	3	3	No	8.1	No	2	18	No
EMP0070	41	HR	4	14	10855	3	3	No	14.1	Yes	3	14	No
EMP0071	53	Engineering	4	30	18184	5	4	Yes	15.6	Yes	2	20	No
EMP0072	37	Finance	3	12	12464	4	3	Yes	5.3	No	3	14	No
EMP0073	53	IT	2	9	9312	4	3	No	32.6	No	3	10	No
EMP0074	22	Engineering	1	0	6180	3	2	No	4.9	No	2	17	No
EMP0075	46	IT	4	21	16196	2	2	Yes	4.1	No	3	11	No
EMP0076	38	HR	4	16	11158	3	3	No	14.5	No	3	12	No
EMP0077	35	HR	4	10	9833	3	3	Yes	10.2	No	2	11	No
EMP0078	38	Marketing	4	16	13068	4	3	No	4.3	No	4	15	No
EMP0079	22	Engineering	1	0	5477	2	3	Yes	17	No	3	14	No
EMP0080	35	Engineering	3	11	11693	3	4	No	4	No	3	23	Yes
EMP0081	41	Marketing	2	14	9015	2	3	No	6.2	No	3	15	No
EMP0082	52	IT	5	25	19938	3	1	No	13.3	No	3	26	No
EMP0083	32	Marketing	2	8	8323	5	1	Yes	12.7	No	2	8	No
EMP0084	29	Engineering	2	4	8856	3	2	Yes	6.4	No	3	10	No
EMP0085	32	Sales	3	8	9486	1	4	Yes	21.1	No	3	6	No
EMP0086	47	IT	2	4	8307	4	3	No	1	No	2	25	No
EMP0087	41	HR	1	3	3619	4	3	No	5.9	No	3	20	No
EMP0088	32	IT	2	8	8975	3	2	No	11.5	No	3	26	No
EMP0089	43	Marketing	2	2	6734	3	3	No	5.5	No	3	12	No
EMP0090	38	Marketing	2	2	6375	5	3	No	5.5	No	3	12	No
EMP0091	47	Finance	3	25	13374	5	2	No	3.9	No	3	21	No
EMP0092	30	Engineering	1	1	6394	4	3	No	2	No	2	15	No
EMP0093	34	Finance	1	0	5697	3	2	No	20.2	No	2	14	No
EMP0094	34	HR	4	11	10585	2	2	No	7.9	No	3	12	No
EMP0095	23	Finance	1	1	6484	3	1	No	19.2	No	2	18	No
EMP0096	40	Operations	1	1	4073	3	4	No	12.1	No	3	13	No
EMP0097	40	Sales	3	10	9816	2	2	No	9.8	No	2	16	No
EMP0098	38	Marketing	1	2	5105	4	3	No	49.9	No	2	11	No
EMP0099	35	Sales	3	6	9710	5	2	No	8.8	No	3	13	No
EMP0100	23	Sales	1	1	4245	5	3	No	7.2	No	2	16	No
EMP0101	33	Finance	3	6	11171	4	1	Yes	6.2	Yes	3	13	No
EMP0102	34	Sales	1	1	4774	4	4	No	13.3	No	2	23	No
EMP0103	29	Marketing	1	0	5609	3	3	Yes	6.9	No	2	11	No
EMP0104	36	Sales	2	2	6604	5	4	Yes	26	No	2	11	No
EMP0105	42	Engineering	1	1	6031	3	3	No	10.4	No	3	10	No
EMP0106	56	Sales	1	1	4471	1	2	No	16.3	No	2	21	No
EMP0107	39	Sales	4	14	11923	4	3	No	3.5	Yes	3	9	No
EMP0108	40	Operations	2	2	5247	3	2	Yes	2.8	No	2	13	No
EMP0109	37	Marketing	2	4	7339	3	4	No	8.9	No	3	18	No
EMP0110	22	IT	1	0	5508	3	2	Yes	4.6	No	3	20	No
EMP0111	37	Sales	3	10	9029	3	2	Yes	14.6	No	3	18	No
EMP0112	38	Operations	3	6	8179	2	3	No	7.9	No	3	15	No
EMP0113	60	Finance	2	5	8001	1	2	No	4.1	No	2	14	No
EMP0114	36	Engineering	3	13	12493	3	2	No	4.5	No	2	17	No
EMP0115	41	Finance	1	0	5812	3	3	Yes	10.5	No	4	12	No
EMP0116	37	Finance	2	9	9363	3	2	No	23.6	No	3	10	No
EMP0117	26	HR	1	0	4789	5	2	No	14.5	No	2	13	No
EMP0118	49	Finance	3	16	12454	4	3	No	17.3	No	2	20	No
EMP0119	45	Engineering	3	13	11989	1	2	Yes	3.3	No	4	13	No
EMP0120	45	Engineering	3	9	11985	1	3	No	7.7	No	3	8	No
EMP0121	28	HR	2	5	6030	4	3	Yes	1.4	No	3	25	No
EMP0122	52	Operations	2	7	6438	5	3	Yes	9.6	No	3	10	No
EMP0123	23	Engineering	1	1	6686	3	3	No	16.4	No	2	14	No
EMP0124	43	Engineering	3	13	12977	3	2	Yes	7.8	No	2	8	No
EMP0125	59	Marketing	2	6	7935	3	4	No	15	No	3	7	Yes
EMP0126	28	Operations	2	5	5887	4	4	No	2.3	No	3	21	No
EMP0127	32	Finance	2	3	8109	3	3	No	23.5	No	3	18	No
EMP0128	38	Sales	1	0	5663	2	3	No	12.3	Yes	3	18	No
EMP0129	32	Finance	2	8	8481	3	4	Yes	3.3	No	2	9	No
EMP0130	22	HR	1	0	3890	3	3	No	10.8	No	2	17	No
EMP0131	38	HR	3	14	9994	5	3	No	7.2	No	4	9	No
EMP0132	27	Marketing	1	0	4780	4	3	Yes	5	No	3	14	No
EMP0133	42	Finance	5	19	16920	4	1	No	1.6	No	2	17	No
EMP0134	28	Operations	1	2	4385	3	3	No	6	No	3	13	No
EMP0135	53	Marketing	3	22	12473	2	2	No	6.1	No	2	11	No
EMP0136	30	Marketing	2	4	7132	5	2	No	6.6	No	3	15	No
EMP0137	34	Engineering	2	4	9461	3	4	No	10.1	No	2	14	Yes
EMP0138	46	Sales	2	3	6552	4	3	No	19.4	No	4	13	No
EMP0139	25	IT	1	0	5903	4	3	Yes	18.1	No	1	17	No
EMP0140	40	HR	4	13	10541	5	2	No	5.1	No	3	15	No
EMP0141	51	Marketing	4	25	14082	2	1	Yes	3.5	No	2	19	No
EMP0142	22	Operations	1	0	3102	4	3	No	7.2	No	2	12	No
EMP0143	39	Sales	3	7	9264	3	3	No	3.2	No	3	5	No
EMP0144	40	Operations	1	1	3442	2	3	No	3.4	No	3	13	No
EMP0145	45	Operations	3	7	8992	4	4	No	14.6	No	4	14	No
EMP0146	25	Operations	1	0	4263	4	4	No	16.5	No	2	20	No
EMP0147	24	Sales	1	0	5512	1	4	No	4.5	No	2	13	No
EMP0148	43	HR	1	3	4158	4	3	No	6.5	No	4	20	No
EMP0149	40	Sales	4	18	13467	2	1	No	8.7	No	2	19	No
EMP0150	40	Marketing	2	4	7454	4	4	No	12.3	No	3	14	No
EMP0151	41	Finance	2	4	8764	4	4	No	4.1	No	3	13	No
EMP0152	31	Sales	2	4	7172	4	3	No	5.8	No	3	19	No
EMP0153	40	Finance	3	18	11682	2	2	Yes	5	No	2	17	No
EMP0154	40	Engineering	3	11	14046	4	1	No	11.1	No	2	12	Yes
EMP0155	30	Operations	1	3	5459	2	3	No	9.1	No	1	16	No
EMP0156	56	Marketing	1	0	5198	4	3	Yes	2.9	No	2	21	No
EMP0157	42	Engineering	3	6	12364	2	1	No	16.6	No	3	15	No
EMP0158	26	Engineering	1	0	6136	4	4	No	19.8	No	2	15	No
EMP0159	44	Operations	1	1	4793	5	3	Yes	2.8	No	3	14	Yes
EMP0160	28	HR	1	2	4378	3	3	No	11.1	No	2	13	No
EMP0161	45	Engineering	2	6	8779	4	3	No	2.3	No	3	18	No
EMP0162	49	Sales	5	16	14049	3	2	No	21.1	No	4	16	No
EMP0163	29	Engineering	1	2	6038	4	4	No	16.4	No	3	15	No
EMP0164	47	Operations	2	2	6496	4	1	No	7.6	No	3	18	No
EMP0165	42	Operations	2	5	6103	3	3	No	6	No	3	10	No
EMP0166	46	Sales	4	21	13123	2	3	No	7.1	No	2	11	No
EMP0167	56	Engineering	3	28	14295	5	2	No	2.9	No	3	9	No
EMP0168	35	Sales	1	1	5035	4	3	Yes	12.5	No	2	20	No
EMP0169	30	IT	1	1	5340	4	2	No	15.5	No	2	12	No
EMP0170	29	Marketing	3	5	10051	3	4	No	8.2	No	4	12	No
EMP0171	29	Operations	1	1	4408	3	3	Yes	16.6	No	2	18	No
EMP0172	37	Finance	2	4	8821	4	4	No	18.6	No	4	11	No
EMP0173	41	Operations	3	14	9584	2	4	No	10.1	No	3	14	No
EMP0174	40	IT	2	3	8976	5	4	Yes	2.4	No	3	12	Yes
EMP0175	46	Sales	5	20	14774	2	3	Yes	5.4	No	2	13	No
EMP0176	38	IT	1	0	6014	4	4	Yes	6.4	No	2	18	No
EMP0177	52	Operations	3	14	8764	3	1	No	17.7	Yes	3	21	No
EMP0178	35	Engineering	1	0	5678	4	2	Yes	7.1	No	3	15	No
EMP0179	60	Operations	4	13	11108	3	2	Yes	12.7	No	3	24	No
EMP0180	44	Finance	3	18	13285	3	2	No	6.7	No	2	14	No
EMP0181	29	Operations	1	1	4522	3	1	No	11.4	No	3	17	Yes
EMP0182	27	Sales	2	3	5890	2	3	Yes	7.8	No	3	16	Yes
EMP0183	42	Marketing	1	1	5368	5	3	No	14.4	No	4	19	No
EMP0184	35	Sales	2	5	6611	5	3	No	1	No	3	15	No
EMP0185	45	Operations	2	12	7284	3	3	Yes	5.3	No	2	11	No
EMP0186	42	IT	5	16	17450	3	4	Yes	4.9	No	3	13	No
EMP0187	37	Finance	2	5	8588	4	4	No	12.2	No	3	20	No
EMP0188	29	HR	2	4	5811	4	3	No	14	Yes	3	11	No
EMP0189	22	Finance	1	0	4626	5	1	No	13.5	No	3	17	No
EMP0190	33	Engineering	3	5	11461	3	3	No	2.9	No	3	15	No
EMP0191	46	Marketing	2	4	7488	4	3	No	7.6	No	3	13	No
EMP0192	40	Finance	3	6	11516	3	1	No	5.7	No	3	20	No
EMP0193	25	Sales	1	0	4521	4	2	No	25.9	Yes	3	18	No
EMP0194	39	Sales	4	12	12289	3	2	No	3	No	1	14	No
EMP0195	41	Finance	4	18	15858	4	3	No	3.8	Yes	2	13	No
EMP0196	29	Engineering	2	5	8596	3	2	No	21.4	No	3	13	No
EMP0197	39	Operations	1	0	4935	3	3	No	11.6	No	3	10	No
EMP0198	38	Engineering	3	12	13066	3	3	No	4.3	No	4	18	No
EMP0199	26	Sales	2	2	5490	5	4	Yes	21.1	No	4	18	No
EMP0200	41	Marketing	2	6	7806	4	3	No	1.2	No	2	17	No
EMP0201	43	Finance	4	19	15302	4	3	No	13.6	No	3	11	No
EMP0202	48	Marketing	2	2	7468	4	1	Yes	9.2	No	3	12	No
EMP0203	48	Finance	4	25	16678	4	3	No	15.3	No	2	18	No
EMP0204	24	HR	1	0	4295	3	3	Yes	10.3	No	4	18	No
EMP0205	28	Finance	1	0	4785	3	2	No	18.7	No	3	20	No
EMP0206	43	Sales	2	7	7746	3	2	No	16.2	No	3	18	No
EMP0207	43	Engineering	4	16	15028	2	4	No	9.4	No	2	13	No
EMP0208	43	Sales	4	12	11423	3	2	Yes	3.4	No	2	15	No
EMP0209	60	Sales	3	13	10599	4	4	Yes	4.5	No	1	12	No
EMP0210	43	Sales	1	4	5592	1	2	No	3.3	No	2	13	No
EMP0211	49	Sales	4	25	13669	2	2	No	10.9	No	3	10	Yes
EMP0212	47	IT	4	23	15847	5	3	Yes	9.4	No	2	18	No
EMP0213	44	Engineering	3	21	13849	5	2	No	4.1	No	2	15	No
EMP0214	34	Sales	3	6	8943	3	3	No	23	No	2	9	No
EMP0215	45	Operations	4	23	12406	4	3	Yes	5.7	No	3	13	No
EMP0216	30	Engineering	3	5	12117	2	4	No	21.7	No	3	17	No
EMP0217	35	Engineering	4	10	14492	3	4	No	9.5	No	3	17	No
EMP0218	33	Engineering	3	5	11419	4	3	No	5.2	No	2	19	No
EMP0219	38	Engineering	3	5	11432	5	2	Yes	13	No	3	9	Yes
EMP0220	60	Engineering	4	22	16848	3	2	No	2.6	No	3	16	No
EMP0221	22	Engineering	1	0	6127	3	2	No	7	No	3	15	No
EMP0222	44	Operations	2	3	6439	4	4	No	22.9	No	2	9	No
EMP0223	22	Sales	1	0	4028	4	3	No	29.2	No	3	14	No
EMP0224	33	Sales	1	0	4617	5	2	No	4.4	No	3	10	No
EMP0225	48	Marketing	1	4	5973	4	3	Yes	17.2	No	3	13	No
EMP0226	38	Engineering	1	2	6127	3	4	No	6.9	No	3	10	No
EMP0227	27	Engineering	2	3	8922	2	3	Yes	8.7	No	2	14	Yes
EMP0228	30	Operations	3	6	8920	3	4	No	2.1	No	3	9	No
EMP0229	44	IT	2	4	8319	3	4	Yes	12.1	No	3	17	No
EMP0230	30	Operations	2	3	5936	2	3	No	15.1	No	4	15	No
EMP0231	40	Sales	4	16	12239	3	4	No	2.5	Yes	3	13	No
EMP0232	38	IT	2	5	9260	3	3	No	15.8	No	3	15	No
EMP0233	31	Engineering	2	9	8258	5	3	No	27.3	No	3	10	No
EMP0234	59	Sales	3	31	12652	3	3	No	27.3	No	2	21	No
EMP0235	44	HR	3	22	10147	5	2	Yes	14.1	No	2	15	No
EMP0236	22	Finance	1	0	5678	3	3	No	8.1	No	4	21	No
EMP0237	39	Sales	4	15	12100	4	4	No	14	No	1	18	No
EMP0238	31	Marketing	1	0	5571	3	4	No	3.8	No	4	15	No
EMP0239	46	Operations	4	13	11514	1	4	Yes	7.4	No	2	14	No
EMP0240	30	Engineering	1	3	6336	3	4	No	5.8	No	4	9	No
EMP0241	36	Finance	4	11	13240	3	3	No	3.5	Yes	3	12	No
EMP0242	43	Engineering	3	8	12174	3	2	Yes	6.8	No	2	17	No
EMP0243	46	Engineering	3	14	12750	4	3	Yes	19.9	No	4	13	No
EMP0244	25	Engineering	2	3	8747	3	1	Yes	6.1	No	3	20	Yes
EMP0245	34	Marketing	2	9	7768	5	1	No	7.9	No	3	14	No
EMP0246	33	Engineering	3	5	11626	5	2	Yes	13.7	No	2	21	No
EMP0247	31	Operations	1	1	4096	4	1	Yes	7.5	No	3	13	No
EMP0248	55	IT	2	5	8666	5	3	No	6.4	No	2	16	No
EMP0249	42	IT	2	3	6761	2	4	No	7.8	No	4	14	No
EMP0250	25	Sales	2	2	6616	2	3	No	4	No	3	10	No
EMP0251	47	Sales	5	25	14974	3	2	No	19.3	No	3	21	No
EMP0252	59	Engineering	4	22	16757	3	4	No	2.7	No	2	14	No
EMP0253	48	Finance	2	11	9385	4	4	No	3	No	3	14	No
EMP0254	22	IT	1	0	5065	4	1	Yes	8.6	No	2	16	No
EMP0255	33	Operations	2	2	6128	3	3	No	19.9	No	4	14	No
EMP0256	50	Marketing	4	21	14257	3	3	No	15.3	No	3	20	No
EMP0257	30	Sales	2	3	7793	2	3	No	5	No	2	22	No
EMP0258	42	Operations	2	2	6479	3	4	No	11	No	3	20	No
EMP0259	45	Sales	2	2	5954	3	3	No	5.8	No	3	15	No
EMP0260	28	Sales	3	5	9821	3	2	No	11.2	No	3	11	No
EMP0261	37	Operations	1	1	4212	3	3	Yes	7.8	No	3	15	No
EMP0262	22	Marketing	1	0	4860	4	3	No	2	No	3	21	Yes
EMP0263	27	Sales	1	2	5770	1	4	Yes	6.7	No	3	18	No
EMP0264	35	Engineering	1	2	5985	3	3	No	5.5	No	3	17	No
EMP0265	25	Sales	1	0	4421	5	4	No	2.9	No	3	14	No
EMP0266	54	Marketing	3	9	9534	4	2	No	13	No	2	12	No
EMP0267	23	Engineering	1	0	5980	4	3	Yes	8.8	No	2	15	No
EMP0268	33	Operations	2	2	6104	5	3	No	1.5	No	4	16	No
EMP0269	39	Engineering	2	8	9401	3	4	No	5.9	Yes	2	15	No
EMP0270	52	HR	2	3	6129	2	3	No	10.1	No	3	14	Yes
EMP0271	23	Sales	1	0	4090	3	2	Yes	22.3	No	2	8	No
EMP0272	49	Engineering	4	18	16632	4	2	No	1.7	No	2	18	No
EMP0273	38	Finance	4	15	14359	3	1	No	12.9	No	2	17	No
EMP0274	28	Finance	1	0	5115	3	3	No	8.1	No	3	14	No
EMP0275	42	Sales	5	20	14003	4	3	No	14.3	Yes	4	19	No
EMP0276	39	HR	1	0	4023	1	4	No	2.1	No	3	12	Yes
EMP0277	31	Operations	2	6	7239	3	4	No	7.3	No	2	17	No
EMP0278	38	Engineering	4	11	15028	3	4	No	10.9	Yes	3	20	No
EMP0279	34	Sales	1	0	5492	3	1	No	2.8	No	1	12	No
EMP0280	39	Engineering	3	14	13903	3	4	No	26.3	No	3	13	No
EMP0281	44	Marketing	3	6	9260	3	2	No	8.2	No	3	17	No
EMP0282	53	Sales	4	27	13204	5	3	No	3.4	No	2	18	No
EMP0283	25	Engineering	1	0	5615	3	2	Yes	18.8	No	3	17	No
EMP0284	59	Marketing	2	2	7652	3	2	Yes	5	No	3	12	No
EMP0285	22	IT	1	0	5995	3	2	Yes	5.1	No	2	14	No
EMP0286	36	Engineering	3	10	12805	1	2	Yes	4.4	No	2	19	No
EMP0287	43	Sales	3	5	8332	3	1	No	5.4	No	3	16	No
EMP0288	40	Marketing	3	5	8863	1	1	No	3.6	No	1	13	No
EMP0289	31	Engineering	3	6	11404	4	3	Yes	5.8	No	3	11	No
EMP0290	35	Sales	3	10	9893	3	3	Yes	15.8	No	3	20	No
EMP0291	33	Marketing	4	10	12580	5	1	No	3.6	No	3	19	No
EMP0292	32	IT	1	0	6422	5	3	No	21	No	4	11	No
EMP0293	46	Operations	3	22	10504	4	3	No	25.1	No	1	17	No
EMP0294	41	Sales	4	17	12947	5	1	No	4.3	No	2	15	No
EMP0295	31	Operations	2	5	6326	5	4	Yes	1.8	No	2	9	No
EMP0296	46	Sales	4	23	13739	4	4	Yes	8.5	No	3	15	No
EMP0297	41	Engineering	3	18	13880	3	2	Yes	5.4	No	1	19	No
EMP0298	46	IT	3	7	12277	5	3	No	4.3	No	2	12	No
EMP0299	44	IT	3	19	12620	4	3	Yes	12.4	No	2	10	No
EMP0300	29	Sales	2	7	8041	2	2	No	16.6	No	3	17	No
EMP0301	32	Sales	2	4	7122	3	3	Yes	8.6	No	3	13	Yes
EMP0302	45	Engineering	2	10	9930	3	3	Yes	9.9	No	1	13	No
EMP0303	44	Marketing	5	20	15933	3	4	No	8.5	No	4	13	No
EMP0304	37	Operations	2	2	6143	3	1	No	4.2	No	3	10	No
EMP0305	39	Sales	4	13	11869	3	3	Yes	7.2	No	2	10	No
EMP0306	50	Engineering	3	26	13895	2	4	No	4.1	No	3	21	No
EMP0307	32	Engineering	2	8	9722	4	3	No	14.7	No	3	20	No
EMP0308	43	Sales	1	0	4575	3	2	No	16.2	No	3	13	No
EMP0309	35	Operations	1	0	3871	4	2	Yes	5.3	No	2	14	No
EMP0310	35	Operations	2	9	7246	4	3	No	11.8	No	2	12	No
EMP0311	48	Sales	2	11	8501	2	3	Yes	20.9	No	2	15	No
EMP0312	46	Sales	2	10	7492	3	3	Yes	9.1	No	3	13	No
EMP0313	46	Sales	5	20	14130	4	1	No	15.8	No	4	16	No
EMP0314	51	HR	1	0	3638	3	3	No	1.2	No	2	20	No
EMP0315	38	Sales	3	11	8706	4	4	No	10.3	Yes	2	15	Yes
EMP0316	44	HR	4	16	12095	5	3	No	8.1	No	2	17	No
EMP0317	34	Engineering	1	1	5734	2	3	No	3.1	No	2	20	No
EMP0318	41	Sales	3	17	11281	2	2	Yes	10.7	Yes	3	11	No
EMP0319	36	Operations	2	3	5709	3	2	No	4.7	No	2	18	No
EMP0320	38	Sales	2	7	7040	4	3	No	13.8	No	3	12	No
EMP0321	43	Operations	1	1	4382	3	3	No	17.7	No	3	21	No
EMP0322	29	Marketing	3	5	10071	2	2	No	17	No	2	13	No
EMP0323	58	Operations	3	24	11125	3	4	No	22.1	No	4	13	No
EMP0324	27	Sales	2	3	5980	4	2	No	6.8	No	3	19	No
EMP0325	25	Finance	1	0	5472	4	1	No	9.9	No	2	23	No
EMP0326	49	Sales	1	1	5279	5	3	No	6.9	Yes	2	11	No
EMP0327	45	IT	4	16	15322	4	2	No	2.6	Yes	2	11	No
EMP0328	44	Finance	3	9	12357	3	1	No	5	No	2	14	No
EMP0329	44	Engineering	2	8	9685	3	3	Yes	16.3	No	3	14	No
EMP0330	37	Engineering	2	14	11006	5	4	No	4.9	No	2	15	No
EMP0331	29	Operations	1	1	4612	3	3	Yes	5.7	No	2	13	No
EMP0332	38	IT	4	16	14843	4	1	Yes	3.3	Yes	2	16	No
EMP0333	31	Operations	1	0	4169	3	3	No	18.1	No	3	10	No
EMP0334	47	Operations	3	9	9466	3	2	No	2.7	No	2	12	No
EMP0335	36	Operations	1	1	4176	3	3	No	6.7	No	2	17	No
EMP0336	29	Marketing	3	6	10099	4	3	No	22.6	Yes	3	10	No
EMP0337	34	Sales	3	11	9439	3	2	Yes	2.9	No	3	20	No
EMP0338	42	Sales	2	5	7514	4	3	Yes	8.8	No	3	16	No
EMP0339	32	Marketing	3	10	10541	1	4	No	29.4	No	2	19	Yes
EMP0340	29	Engineering	1	1	6582	5	3	No	5.6	No	3	15	No
EMP0341	40	Marketing	4	17	14172	5	4	Yes	15.6	No	2	20	No
EMP0342	40	Sales	1	0	4835	3	3	No	11.4	No	3	18	Yes
EMP0343	32	Marketing	2	2	7209	3	3	No	20.8	No	4	19	No
EMP0344	33	Sales	1	3	4868	2	3	No	1.3	No	3	5	Yes
EMP0345	40	HR	2	9	5897	2	3	No	7.8	No	3	21	No
EMP0346	23	HR	1	0	4214	4	3	No	1.7	No	2	11	No
EMP0347	23	Sales	1	0	5024	4	4	No	12	No	2	12	No
EMP0348	30	Operations	3	6	7840	3	4	No	7.5	Yes	2	6	No
EMP0349	35	HR	4	13	10671	3	2	No	12.1	No	2	13	No
EMP0350	41	Operations	3	14	9571	3	3	No	1	Yes	2	10	No
EMP0351	52	Engineering	3	9	12381	5	3	No	6.7	No	3	10	Yes
EMP0352	46	Sales	5	23	15223	2	2	No	21.3	No	2	12	Yes
EMP0353	36	Sales	2	8	7044	4	2	No	13.9	No	2	13	No
EMP0354	37	Sales	2	11	8755	2	2	No	11.3	No	3	9	No
EMP0355	27	Sales	2	4	6065	3	2	Yes	6.8	No	4	18	No
EMP0356	37	Sales	3	8	8996	3	4	Yes	32.7	No	2	22	No
EMP0357	35	Operations	3	7	7944	2	3	Yes	22.7	No	4	21	No
EMP0358	41	IT	2	9	9647	2	4	Yes	16.8	No	3	14	No
EMP0359	29	IT	1	0	6032	3	4	Yes	21.1	No	3	17	Yes
EMP0360	43	IT	3	7	11431	2	3	Yes	6.2	No	2	16	Yes
EMP0361	53	HR	4	21	11343	3	4	No	13.7	No	3	12	No
EMP0362	36	Marketing	2	3	6983	2	3	No	16.6	No	2	13	No
EMP0363	42	Sales	4	15	12596	3	3	Yes	6.6	No	3	14	No
EMP0364	44	Sales	3	11	9710	3	2	No	4.7	No	2	16	No
EMP0365	33	Operations	3	8	8532	4	3	No	5.8	No	2	20	No
EMP0366	40	Operations	3	9	8561	4	2	No	9.2	No	2	14	No
EMP0367	38	Operations	5	15	13110	3	2	Yes	10.1	No	3	10	Yes
EMP0368	38	Operations	3	9	9194	5	2	No	9.7	No	3	19	Yes
EMP0369	30	Engineering	2	8	9477	3	3	Yes	8.9	No	2	14	No
EMP0370	38	HR	2	2	6116	2	3	No	1	No	4	17	No
EMP0371	42	HR	4	18	10718	5	3	No	23	No	1	12	No
EMP0372	52	IT	4	10	14827	3	4	Yes	12.6	No	3	18	No
EMP0373	47	IT	2	5	8851	3	3	Yes	23.6	No	3	18	No
EMP0374	59	Marketing	3	5	9259	5	3	No	13.8	No	3	18	No
EMP0375	30	Sales	2	5	7270	4	4	Yes	10.6	No	3	11	No
EMP0376	46	Engineering	1	4	6690	4	3	No	4.3	No	2	11	No
EMP0377	39	Engineering	4	13	14588	3	4	Yes	9.9	No	2	12	No
EMP0378	59	Operations	1	1	4289	5	2	Yes	10.2	No	3	18	Yes
EMP0379	29	Sales	3	5	8591	4	3	No	13.8	No	2	12	No
EMP0380	29	Sales	3	6	8366	4	2	No	4.7	Yes	3	17	No
EMP0381	32	Engineering	2	3	8639	3	3	Yes	2.6	No	3	19	No
EMP0382	22	IT	1	0	5277	3	3	No	5.5	No	3	16	No
EMP0383	32	HR	1	2	3688	3	3	No	7.9	No	3	19	No
EMP0384	30	Marketing	3	7	10298	4	3	Yes	13.3	No	3	11	No
EMP0385	39	Engineering	2	14	10652	4	3	No	6.1	No	3	20	Yes
EMP0386	41	Sales	5	19	14421	3	2	No	8.8	Yes	2	21	No
EMP0387	56	Sales	4	23	12229	4	4	No	6.4	No	3	12	No
EMP0388	47	Operations	5	16	13284	4	3	Yes	6.4	No	3	12	No
EMP0389	32	Operations	3	8	9140	4	4	Yes	21.7	No	2	14	No
EMP0390	29	HR	3	5	8555	3	3	No	14	No	2	17	No
EMP0391	42	Engineering	4	17	16258	3	3	Yes	8.3	No	4	15	No
EMP0392	24	Operations	2	2	5585	4	3	No	12.4	No	2	14	No
EMP0393	56	Finance	3	27	13561	5	3	Yes	6.3	No	3	18	No
EMP0394	49	Sales	5	21	14766	3	2	No	9.7	No	3	15	No
EMP0395	33	Engineering	2	7	9411	5	2	Yes	8	No	4	11	No
EMP0396	22	Finance	1	0	5515	2	2	No	18.6	No	2	19	Yes
EMP0397	51	Marketing	4	26	15459	3	1	No	6	No	2	13	Yes
EMP0398	36	IT	1	4	6497	3	1	Yes	4.4	No	2	10	No
EMP0399	50	Operations	3	21	11316	3	3	No	8.3	Yes	4	15	No
EMP0400	22	Sales	1	0	4112	3	3	No	1.6	No	3	14	No
EMP0401	32	Finance	3	9	11055	3	4	No	9.2	No	2	16	No
EMP0402	38	Engineering	3	7	11637	3	2	No	9.7	No	3	15	No
EMP0403	38	Finance	3	5	10621	3	3	No	6.7	No	4	20	No
EMP0404	33	Marketing	2	11	7971	2	2	No	9.1	No	2	10	No
EMP0405	44	HR	2	14	8660	5	4	No	13.7	No	3	6	No
EMP0406	27	Operations	2	3	6378	4	4	No	9.6	No	2	10	No
EMP0407	36	Finance	3	8	10528	4	3	No	9.5	No	3	18	No
EMP0408	39	Operations	3	5	7766	3	3	No	12.5	No	2	21	No
EMP0409	43	Engineering	2	11	10090	3	4	No	5	No	2	10	No
EMP0410	45	Engineering	4	14	15596	5	3	No	21.3	No	3	13	No
EMP0411	26	Marketing	2	3	7919	5	1	No	5.1	No	3	11	No
EMP0412	22	IT	1	0	5823	5	3	No	16.7	No	2	15	No
EMP0413	50	Engineering	3	8	12304	4	1	Yes	5.4	No	2	18	Yes
EMP0414	41	Sales	3	18	10970	3	3	No	13.8	No	2	12	No
EMP0415	30	Engineering	2	4	8947	4	3	Yes	11.6	No	3	18	No
EMP0416	53	Marketing	1	1	4979	4	3	No	2.8	No	3	11	No
EMP0417	39	Operations	3	12	9373	5	2	No	16.1	No	3	13	No
EMP0418	49	Finance	3	12	11642	3	1	No	5.1	No	3	20	No
EMP0419	38	IT	3	7	11486	3	4	Yes	8.1	Yes	3	21	No
EMP0420	58	Operations	4	12	11264	3	3	No	1.3	No	3	16	No
EMP0421	55	Engineering	3	5	12359	3	2	Yes	4.4	No	3	13	No
EMP0422	35	Marketing	3	5	9247	4	3	No	12.4	No	2	13	No
EMP0423	47	Finance	4	20	15147	4	4	No	16.7	No	2	10	No
EMP0424	44	IT	3	11	12265	3	3	Yes	8.1	No	2	22	No
EMP0425	51	Sales	3	11	9564	2	1	No	14.8	No	2	21	No
EMP0426	28	Sales	1	0	5039	3	3	Yes	22.6	No	3	12	No
EMP0427	44	Sales	2	6	6956	3	4	Yes	3.1	No	2	11	No
EMP0428	48	Marketing	4	25	15087	4	4	No	10.4	No	3	14	No
EMP0429	22	Sales	1	0	5129	3	4	No	7.1	No	2	13	No
EMP0430	26	Finance	1	0	5698	3	2	No	4.2	No	3	15	No
EMP0431	22	Operations	1	0	4111	5	3	Yes	9.3	No	2	18	No
EMP0432	35	Engineering	3	9	12390	3	2	Yes	11.1	Yes	3	17	No
EMP0433	45	Marketing	3	22	12101	3	3	No	5	No	1	11	Yes
EMP0434	53	IT	4	19	15255	5	2	No	16.7	No	1	16	No
EMP0435	38	Marketing	3	5	9933	5	3	No	13.3	Yes	3	15	No
EMP0436	54	Sales	3	14	10574	4	3	No	15.6	No	3	25	No
EMP0437	24	Engineering	1	0	6048	2	3	No	13.7	No	1	18	Yes
EMP0438	22	HR	1	0	4279	4	2	No	3.5	No	3	14	Yes
EMP0439	37	Sales	3	7	10303	3	2	No	24.1	No	1	13	Yes
EMP0440	41	Marketing	4	15	13860	3	3	No	3.7	No	2	13	No
EMP0441	37	IT	3	15	12407	5	3	No	1.8	No	4	17	No
EMP0442	22	Finance	1	0	5592	2	3	No	9.2	No	2	15	No
EMP0443	37	Engineering	2	4	9151	5	4	Yes	3.1	No	3	13	No
EMP0444	24	Engineering	1	1	5729	1	3	No	3.8	No	3	16	No
EMP0445	44	IT	5	19	18237	3	2	Yes	11.3	No	4	15	No
EMP0446	41	Operations	4	13	10812	1	3	No	13.5	No	2	10	No
EMP0447	28	HR	1	1	4486	5	4	No	14.9	No	2	9	No
EMP0448	32	Engineering	3	6	12666	2	2	Yes	10.4	No	3	17	Yes
EMP0449	27	Finance	2	5	8386	4	3	No	3.3	No	3	16	No
EMP0450	37	Engineering	3	14	13118	4	3	No	15.8	Yes	2	12	No
EMP0451	47	Sales	2	2	6745	4	4	No	5.4	No	3	16	No
EMP0452	28	Engineering	3	5	11083	4	3	No	2.1	No	1	22	No
EMP0453	43	Engineering	3	6	11331	1	2	Yes	7	Yes	2	20	No
EMP0454	32	Engineering	1	0	6179	3	3	No	14.9	No	3	14	No
EMP0455	30	Sales	1	0	4565	3	4	No	7.1	No	3	18	No
EMP0456	36	Sales	3	8	9233	5	4	No	8.2	No	3	13	No
EMP0457	27	Marketing	3	5	10216	4	2	No	10.5	No	3	12	No
EMP0458	32	Marketing	1	4	5833	4	2	No	15.5	No	2	8	No
EMP0459	26	Sales	2	4	8001	3	3	Yes	8.7	Yes	2	10	No
EMP0460	57	IT	5	31	19265	5	2	No	2.5	No	4	17	No
EMP0461	38	Engineering	3	5	11349	1	3	No	6.3	No	1	14	No
EMP0462	31	Sales	2	5	7776	3	1	Yes	6.1	No	2	14	No
EMP0463	40	Sales	1	0	5344	4	2	No	19.1	No	1	19	No
EMP0464	36	Finance	2	4	7870	3	1	No	7	No	2	10	No
EMP0465	35	Sales	3	8	9105	3	2	Yes	10.7	No	2	12	No
EMP0466	44	Sales	1	3	4860	3	1	Yes	11.5	No	2	12	Yes
EMP0467	45	Marketing	2	2	8004	2	3	Yes	7.1	No	2	19	No
EMP0468	32	HR	1	0	3932	2	3	No	4.8	Yes	3	18	No
EMP0469	32	Operations	1	1	4265	3	2	No	5.5	No	2	13	No
EMP0470	35	Operations	2	2	6047	3	2	No	10.4	No	3	19	No
EMP0471	22	IT	1	0	5854	4	2	Yes	6.2	No	3	13	No
EMP0472	22	Sales	1	0	4671	3	3	Yes	2	No	3	23	No
EMP0473	51	Sales	3	19	11889	5	2	No	2.9	No	2	18	No
EMP0474	54	IT	4	22	16792	2	2	Yes	5.9	No	3	7	Yes
EMP0475	35	Marketing	2	5	7209	3	3	No	10	No	3	15	No
EMP0476	43	Finance	2	7	8656	2	4	No	5.1	No	3	19	No
EMP0477	41	Sales	3	14	10210	3	2	No	2.1	No	2	23	No
EMP0478	60	Sales	4	22	12978	2	2	Yes	5.6	No	2	12	No
EMP0479	49	Sales	4	19	13251	4	3	No	8	No	3	18	No
EMP0480	36	Engineering	1	1	6824	1	3	No	1.2	No	2	14	No
EMP0481	28	Sales	1	0	4260	3	3	No	2.1	No	3	13	No
EMP0482	22	Engineering	1	0	6006	3	3	No	4.4	No	3	19	No
EMP0483	40	Marketing	2	14	9548	3	1	No	9.7	No	2	11	Yes
EMP0484	30	Sales	2	3	7284	4	2	No	15.5	No	2	13	No
EMP0485	23	Sales	1	1	4398	3	4	No	4.6	No	3	15	No
EMP0486	31	Engineering	1	2	6539	2	2	No	8.3	No	2	6	No
EMP0487	27	Sales	1	1	4303	4	3	Yes	22.3	No	3	12	Yes
EMP0488	54	Sales	3	13	10578	4	4	Yes	21.2	No	3	22	No
EMP0489	46	Sales	4	21	12686	1	3	Yes	6.9	No	3	14	No
EMP0490	37	Engineering	3	13	12806	3	3	No	3.5	No	4	10	No
EMP0491	52	Finance	3	13	11612	3	2	No	2.7	Yes	3	17	No
EMP0492	38	Sales	1	2	4308	5	4	No	5.2	No	2	17	No
EMP0493	29	Finance	1	0	5214	4	2	No	2.8	Yes	1	18	No
EMP0494	53	Operations	4	19	11917	4	3	Yes	12.1	No	3	13	No
EMP0495	43	Finance	1	0	6124	2	2	No	14.3	No	2	14	No
EMP0496	27	Sales	1	1	4414	5	2	Yes	7	No	3	21	No
EMP0497	36	Engineering	1	2	6336	2	4	No	6.7	No	3	14	No
EMP0498	29	Finance	3	7	10613	3	3	Yes	12.8	No	2	18	Yes
EMP0499	24	IT	1	1	6410	4	1	No	3	No	3	18	No
EMP0500	47	IT	1	3	6778	3	4	Yes	3.2	No	3	17	No
EMP0501	57	Engineering	4	35	18842	5	3	Yes	16.1	No	3	26	No
EMP0502	24	Marketing	1	0	4822	4	4	No	9	No	1	16	Yes
EMP0503	43	Operations	3	8	8427	2	3	No	14	No	3	20	No
EMP0504	31	Operations	3	6	7999	4	3	No	6.7	No	4	12	No
EMP0505	33	HR	1	1	4534	2	3	Yes	11.4	No	3	16	No
EMP0506	32	Engineering	2	2	8470	4	3	Yes	14.6	No	3	13	No
EMP0507	29	Sales	2	3	7175	4	2	Yes	11.6	No	3	13	No
EMP0508	38	HR	2	9	6522	3	3	No	9.5	No	3	16	No
EMP0509	29	Finance	3	7	10845	4	2	No	5.7	No	3	10	No
EMP0510	40	IT	3	15	12462	4	3	Yes	22.2	No	2	13	No
EMP0511	37	Operations	2	2	5822	3	4	No	10.9	No	4	14	No
EMP0512	35	Sales	4	10	10527	3	3	Yes	4.6	No	2	20	No
EMP0513	28	Finance	1	0	4838	2	4	No	3.6	Yes	2	8	Yes
EMP0514	32	Engineering	2	9	10314	3	2	No	18	No	3	19	No
EMP0515	45	Finance	4	15	13931	2	4	No	14.3	No	3	18	No
EMP0516	43	Finance	2	7	9084	4	4	No	2.7	No	2	20	No
EMP0517	28	Engineering	1	0	6007	4	4	Yes	16.4	No	2	18	No
EMP0518	38	Sales	4	14	11827	3	3	No	17.3	No	3	22	No
EMP0519	45	Sales	4	20	12688	3	4	Yes	6.1	No	2	12	No
EMP0520	22	Sales	1	0	4458	3	4	No	12.1	Yes	2	18	No
EMP0521	43	Operations	1	2	4833	3	4	No	13.6	No	3	14	No
EMP0522	31	Sales	2	3	6136	4	3	Yes	14.8	No	3	13	No
EMP0523	43	Sales	3	12	9867	3	4	No	7.9	No	2	17	No
EMP0524	30	Sales	2	4	7092	3	3	No	9.4	No	3	12	No
EMP0525	22	Operations	1	0	4572	3	2	No	23.2	No	2	21	No
EMP0526	22	Engineering	1	0	6505	3	2	Yes	3.3	No	3	11	No
EMP0527	38	Sales	2	8	7408	4	2	No	5.9	No	4	13	No
EMP0528	40	Finance	3	13	11149	4	3	No	6	No	2	9	No
EMP0529	28	Engineering	2	2	8903	3	3	No	7.8	No	3	13	No
EMP0530	44	Engineering	2	6	9240	4	4	No	8.9	No	3	11	No
EMP0531	22	Finance	1	0	6102	4	3	No	11.4	No	2	12	No
EMP0532	37	Engineering	3	15	13150	3	3	No	6.6	No	2	16	No
EMP0533	25	Operations	1	1	4957	3	3	No	3.1	No	3	14	No
EMP0534	31	Marketing	2	3	7187	2	3	No	7.2	No	2	14	No
EMP0535	38	Marketing	1	4	6207	3	2	No	12.7	No	2	17	No
EMP0536	29	Engineering	3	5	11628	4	4	Yes	16.5	Yes	3	12	No
EMP0537	34	Operations	3	9	9118	3	3	No	10.6	No	1	10	No
EMP0538	48	Marketing	4	17	12691	4	3	No	2.6	No	1	18	No
EMP0539	32	Sales	3	10	10155	4	4	No	4.8	No	2	18	No
EMP0540	46	Sales	3	6	8908	3	3	No	2.7	No	3	13	No
EMP0541	26	HR	2	3	6297	2	1	No	1.6	No	2	11	No
EMP0542	43	Operations	4	17	11625	3	2	No	12.8	No	3	15	No
EMP0543	52	IT	4	10	14836	4	4	No	31.5	No	2	13	No
EMP0544	22	Finance	1	0	5613	3	3	Yes	23.4	No	1	19	No
EMP0545	30	HR	3	5	8023	4	2	Yes	4	No	3	20	No
EMP0546	43	Engineering	3	11	13396	3	1	No	24.7	No	3	11	No
EMP0547	35	Finance	1	1	4404	3	3	No	4.2	No	3	19	No
EMP0548	41	IT	1	1	5745	5	4	Yes	8.8	No	2	16	No
EMP0549	31	HR	2	6	6421	5	2	No	2.1	Yes	3	15	No
EMP0550	38	Sales	1	0	4085	3	3	No	16.2	Yes	3	14	No
EMP0551	36	Sales	2	6	7365	2	4	Yes	13.6	No	2	21	Yes
EMP0552	49	Engineering	3	9	11480	2	3	No	8.4	No	2	10	No
EMP0553	40	Marketing	1	0	4350	5	3	Yes	4.1	No	3	13	No
EMP0554	41	IT	3	5	11408	2	3	No	14.7	No	3	16	No
EMP0555	33	Engineering	2	6	8842	4	3	Yes	5.2	No	2	16	No
EMP0556	33	Engineering	1	0	6255	3	4	Yes	12.5	No	2	5	No
EMP0557	33	HR	3	8	8100	2	4	No	16.7	No	4	20	No
EMP0558	41	IT	2	6	8601	5	2	No	2.7	Yes	2	18	No
EMP0559	33	Engineering	1	0	5506	5	2	No	15.2	No	2	9	No
EMP0560	40	Sales	2	2	6124	4	4	Yes	6.3	No	3	11	No
EMP0561	58	Sales	3	17	10435	3	3	No	15	No	2	17	No
EMP0562	46	HR	1	0	3601	4	3	No	7.7	No	3	14	No
EMP0563	34	Operations	2	3	6267	4	4	No	9.4	No	2	9	No
EMP0564	50	Engineering	3	22	13169	4	3	No	15	No	2	19	No
EMP0565	33	HR	3	10	8276	4	3	No	11.9	No	2	21	No
EMP0566	22	Marketing	1	0	5624	2	2	No	5.2	No	3	15	No
EMP0567	27	HR	1	3	3821	2	3	No	26	No	2	21	No
EMP0568	22	Sales	1	0	4168	3	3	No	8	No	2	12	No
EMP0569	34	IT	3	8	12259	3	4	No	2.5	No	3	8	No
EMP0570	38	Marketing	3	7	10029	4	3	No	2.4	No	2	9	Yes
EMP0571	54	Finance	2	4	7438	2	2	No	9.3	No	2	12	Yes
EMP0572	41	Marketing	2	11	8947	3	3	No	6	No	2	17	No
EMP0573	35	IT	1	0	6392	2	3	No	10.7	No	2	13	Yes
EMP0574	46	HR	3	14	9287	3	3	No	2.3	No	3	14	No
EMP0575	22	Engineering	1	0	5720	5	1	No	24.6	No	3	22	No
EMP0576	40	Engineering	5	17	17278	5	3	Yes	15.3	No	2	8	No
EMP0577	45	Engineering	3	5	11307	5	3	Yes	11.5	Yes	3	15	No
EMP0578	23	Engineering	1	1	5526	4	3	No	13.8	No	1	14	No
EMP0579	49	IT	4	13	14705	3	4	No	6.1	No	4	23	No
EMP0580	41	Operations	2	7	7343	4	3	No	5.1	No	4	22	No
EMP0581	33	Engineering	4	10	14205	2	2	Yes	1.3	No	2	15	Yes
EMP0582	44	Engineering	2	2	9042	5	3	No	9.6	No	3	16	Yes
EMP0583	60	Sales	3	21	10373	3	2	No	7.5	Yes	2	17	No
EMP0584	39	Operations	3	11	9086	4	4	No	8.5	No	2	14	No
EMP0585	40	Engineering	2	11	9045	4	2	Yes	50	No	3	20	No
EMP0586	33	Marketing	2	11	8741	4	2	No	2.1	No	3	8	No
EMP0587	29	IT	2	6	9583	5	2	Yes	13.9	No	2	19	No
EMP0588	46	Engineering	1	3	6232	3	3	No	18.8	No	4	18	No
EMP0589	29	Operations	2	4	6560	3	2	No	4.9	No	2	17	No
EMP0590	38	Engineering	3	8	11748	3	1	No	1.8	No	3	15	No
EMP0591	33	Finance	3	5	10826	4	2	No	4.1	No	3	15	No
EMP0592	42	Engineering	5	15	18255	3	3	Yes	27.4	No	2	23	No
EMP0593	41	Engineering	2	12	10193	5	2	No	4.3	No	3	12	No
EMP0594	48	IT	1	3	5984	3	3	No	17.7	No	4	16	No
EMP0595	32	Marketing	3	7	10193	3	3	No	5.9	No	2	17	No
EMP0596	35	Engineering	3	8	12907	3	4	No	15.1	No	2	15	No
EMP0597	28	Engineering	1	1	6307	4	3	Yes	25.6	No	3	12	No
EMP0598	33	Sales	2	4	6263	3	3	No	9.5	No	3	20	No
EMP0599	41	Finance	4	17	15596	5	2	No	6.2	No	3	17	Yes
EMP0600	45	Engineering	3	14	12492	2	3	No	1.6	No	2	12	No
EMP0601	28	Operations	2	6	6388	1	1	No	6.9	No	2	21	No
EMP0602	46	Engineering	3	5	12054	3	4	Yes	19.7	Yes	3	11	No
EMP0603	51	Engineering	2	10	9689	4	3	No	6	No	3	14	No
EMP0604	42	Operations	2	7	7178	4	1	No	1	No	2	16	No
EMP0605	56	HR	4	28	13212	5	3	No	4.6	No	2	17	No
EMP0606	30	Operations	2	4	6700	2	3	No	10.8	No	3	18	No
EMP0607	25	Marketing	1	0	5722	4	2	No	7.1	No	3	10	No
EMP0608	22	Sales	1	0	4365	4	2	No	9.8	No	2	14	No
EMP0609	52	Marketing	5	23	16466	5	2	No	12.1	No	2	18	No
EMP0610	44	Sales	3	16	10041	3	2	No	12.7	No	2	8	No
EMP0611	37	Engineering	3	7	12223	3	3	No	1.5	No	2	7	No
EMP0612	40	Sales	4	17	12552	5	4	Yes	6.6	No	3	15	No
EMP0613	26	Finance	1	3	6579	4	4	No	15.7	No	2	15	No
EMP0614	60	Sales	4	30	14584	3	4	Yes	9.3	No	3	10	No
EMP0615	39	Engineering	3	14	13765	4	3	Yes	15.5	No	2	20	No
EMP0616	39	Engineering	1	1	6086	3	3	No	19	No	2	19	No
EMP0617	45	Sales	1	1	4767	4	2	Yes	2.8	No	1	15	No
EMP0618	42	Sales	3	9	9484	3	4	Yes	14.9	Yes	3	19	No
EMP0619	40	Engineering	2	2	8352	1	3	No	26.2	No	2	20	No
EMP0620	30	Sales	3	7	8171	5	2	No	7.1	No	4	14	No
EMP0621	42	Sales	5	19	14662	3	4	Yes	4	No	2	19	No
EMP0622	56	Sales	3	6	8199	3	3	Yes	9.8	No	2	17	No
EMP0623	51	Operations	3	11	9442	3	3	Yes	10.2	No	2	13	No
EMP0624	53	Finance	5	25	18628	2	1	No	9.1	No	3	19	No
EMP0625	32	HR	1	2	4270	3	2	Yes	5.2	Yes	3	22	No
EMP0626	28	IT	1	1	6140	4	2	Yes	16	No	2	19	No
EMP0627	36	Sales	4	11	11757	2	4	No	13.8	No	2	18	No
EMP0628	38	Engineering	3	14	13375	3	4	Yes	6.1	No	3	9	No
EMP0629	48	Operations	4	13	11140	5	2	No	2.9	No	2	14	No
EMP0630	22	Marketing	1	0	4395	3	3	No	14	No	3	22	No
EMP0631	53	IT	4	15	14134	5	3	No	15.5	No	2	12	No
EMP0632	36	IT	4	12	14386	2	3	No	5.3	No	4	19	No
EMP0633	33	Sales	4	10	10585	4	3	Yes	1.8	Yes	4	13	No
EMP0634	27	IT	3	5	11208	3	4	Yes	3.4	No	3	14	Yes
EMP0635	22	IT	1	0	5925	2	2	No	22.4	No	4	11	No
EMP0636	46	Engineering	2	2	8436	4	4	Yes	5.9	No	3	5	No
EMP0637	38	IT	3	5	11559	1	3	No	2	No	3	22	No
EMP0638	25	Sales	1	0	4580	3	2	No	8.7	No	4	16	No
EMP0639	25	Finance	1	2	5468	4	4	Yes	8.3	No	4	13	No
EMP0640	34	Engineering	2	11	9822	3	1	Yes	6.2	No	4	13	Yes
EMP0641	54	Sales	3	13	10724	3	3	No	17.3	No	3	15	No
EMP0642	35	Marketing	3	13	10099	2	1	No	3.5	No	2	10	No
EMP0643	22	Engineering	1	0	5879	5	4	No	13	No	4	10	Yes
EMP0644	35	Finance	1	3	6049	3	3	No	13.4	No	3	17	No
EMP0645	35	Marketing	3	12	10496	2	3	No	8.8	No	3	14	No
EMP0646	22	Engineering	1	0	5638	2	3	No	14.4	No	3	15	No
EMP0647	37	Sales	2	10	8352	3	2	Yes	3.9	No	3	13	No
EMP0648	35	Marketing	3	11	11670	3	3	Yes	5	No	3	8	No
EMP0649	44	Operations	1	2	4332	3	4	No	4	No	2	13	No
EMP0650	56	Marketing	1	1	5162	5	4	No	22.9	No	2	13	No
EMP0651	49	Marketing	2	8	8490	2	3	No	18.3	No	3	14	No
EMP0652	35	HR	3	12	8490	3	4	No	5.2	No	2	10	No
EMP0653	26	Engineering	2	4	9035	4	3	No	5	No	2	19	No
EMP0654	60	HR	1	2	5066	2	2	No	2.7	No	2	11	No
EMP0655	38	IT	4	12	15751	2	3	Yes	10.2	Yes	2	11	No
EMP0656	38	Finance	2	3	7525	2	3	No	4.6	No	1	10	Yes
EMP0657	37	Engineering	1	1	5702	5	3	No	7.6	No	2	11	No
EMP0658	39	HR	1	1	3934	4	2	No	13.9	No	3	15	No
EMP0659	36	HR	1	3	4264	3	3	Yes	9.2	No	2	11	No
EMP0660	32	Finance	2	5	8991	5	3	No	15.4	No	2	25	No
EMP0661	32	HR	2	4	6217	5	3	Yes	3	No	2	14	No
EMP0662	37	Finance	2	14	10301	3	2	No	14.3	No	2	18	No
EMP0663	32	Engineering	1	0	6120	3	2	No	1	Yes	1	11	No
EMP0664	30	Engineering	1	0	5943	3	3	No	5.5	No	4	18	No
EMP0665	39	Operations	3	5	8533	3	4	No	19.6	No	2	13	No
EMP0666	35	Engineering	2	2	7561	4	2	Yes	1.8	No	3	23	No
EMP0667	53	IT	4	18	15296	4	3	Yes	12.3	No	2	19	No
EMP0668	22	Sales	1	0	4354	3	2	Yes	2.1	No	3	11	No
EMP0669	48	Sales	3	6	8303	1	4	Yes	3.8	Yes	2	19	No
EMP0670	50	HR	3	12	9671	4	1	Yes	1.2	No	4	13	No
EMP0671	22	Operations	1	0	4077	3	2	No	8.2	No	2	16	No
EMP0672	34	Finance	4	12	14083	2	3	No	3.9	No	2	12	No
EMP0673	34	Sales	1	0	4932	2	2	No	15.7	No	4	14	No
EMP0674	23	Sales	1	0	4083	4	3	No	5.5	No	2	14	No
EMP0675	30	Marketing	2	2	7442	3	3	No	11.8	No	2	15	No
EMP0676	26	Engineering	1	0	5182	3	3	No	46.6	No	2	14	Yes
EMP0677	55	Engineering	3	9	12422	2	3	Yes	10.1	No	2	13	No
EMP0678	47	HR	4	12	10323	5	3	No	8.5	No	4	18	No
EMP0679	50	Marketing	1	3	5310	2	3	No	18.1	No	2	17	No
EMP0680	45	Engineering	2	8	10160	2	2	No	19.6	No	2	13	No
EMP0681	26	Sales	2	3	7659	4	2	No	10.6	No	2	11	No
EMP0682	32	Engineering	3	9	11789	3	2	No	2	No	2	12	No
EMP0683	42	Sales	2	7	6924	4	4	Yes	9.2	No	2	14	No
EMP0684	25	HR	1	2	4644	3	3	No	5.4	No	2	19	No
EMP0685	45	Operations	2	2	6501	3	3	No	3.1	No	2	16	No
EMP0686	35	Sales	2	6	6605	2	2	No	9.2	Yes	2	17	No
EMP0687	34	Sales	3	6	8988	2	3	No	8.3	No	2	10	No
EMP0688	45	Sales	3	9	9439	4	4	No	16.8	No	3	17	No
EMP0689	42	Operations	2	2	6159	4	4	No	3.1	No	4	19	No
EMP0690	34	Sales	1	1	4980	4	3	No	30.5	No	3	14	No
EMP0691	49	IT	3	14	13298	4	3	No	12	No	2	12	No
EMP0692	27	Engineering	1	0	5883	3	2	No	2.2	No	2	10	No
EMP0693	44	Engineering	3	14	13798	5	3	No	44.9	No	2	15	No
EMP0694	43	Sales	4	16	12238	4	4	No	5.9	No	3	7	No
EMP0695	34	Marketing	2	6	8717	4	2	No	9.9	No	2	19	No
EMP0696	41	Marketing	4	19	14062	3	3	No	8.4	No	2	12	No
EMP0697	25	HR	1	1	4692	3	2	Yes	6.5	No	3	13	No
EMP0698	47	Engineering	2	14	10972	5	4	No	21	Yes	3	24	No
EMP0699	36	Engineering	1	1	5743	3	1	No	19.2	No	4	17	No
EMP0700	32	Engineering	3	7	12032	4	3	No	14.9	No	2	14	No
EMP0701	48	Engineering	4	22	16042	2	2	Yes	16.6	No	3	23	No
EMP0702	30	Engineering	2	6	9248	3	3	No	11.2	No	2	15	No
EMP0703	23	Finance	1	0	4927	5	3	No	5.8	No	2	14	No
EMP0704	22	Engineering	1	0	5899	5	3	No	14.3	No	3	12	No
EMP0705	44	Engineering	3	7	11880	4	3	No	5.3	No	2	17	No
EMP0706	25	Engineering	1	1	5723	3	3	No	4.6	No	2	17	No
EMP0707	55	Sales	4	33	14849	5	3	No	21.2	No	2	15	No
EMP0708	22	HR	1	0	4402	5	2	No	11.7	No	1	14	No
EMP0709	54	Engineering	1	1	5660	4	2	No	6.1	No	3	15	No
EMP0710	40	Sales	1	4	5544	5	1	Yes	5.5	No	4	12	Yes
EMP0711	37	IT	3	14	13002	3	3	Yes	9.3	No	2	15	No
EMP0712	32	Engineering	1	0	5523	3	4	No	5.9	No	2	16	No
EMP0713	41	Engineering	2	3	7542	3	3	Yes	17	No	3	18	No
EMP0714	37	Operations	3	5	8855	4	2	No	13.3	No	3	8	No
EMP0715	49	Sales	4	22	13077	4	4	No	2.7	No	3	11	No
EMP0716	39	Operations	4	12	11040	2	3	Yes	6.9	No	3	12	No
EMP0717	39	Sales	3	10	10610	2	4	Yes	3.4	No	4	21	No
EMP0718	34	Marketing	4	12	13012	2	1	No	4.8	No	2	10	No
EMP0719	37	Finance	2	7	8982	4	3	No	6.1	No	3	17	No
EMP0720	41	IT	3	6	11335	2	4	No	2.5	No	3	11	Yes
EMP0721	22	Marketing	1	0	4904	3	3	No	2.7	No	3	15	No
EMP0722	24	HR	1	0	3968	4	3	No	8.6	No	3	15	No
EMP0723	45	Marketing	1	0	4925	5	3	No	1.1	No	2	13	No
EMP0724	39	Sales	3	5	8007	3	4	No	12.8	No	2	16	No
EMP0725	36	Finance	3	6	10300	3	4	No	1.7	No	1	14	No
EMP0726	38	Sales	4	15	12121	4	1	No	29.1	No	3	13	No
EMP0727	41	Marketing	3	14	12118	5	2	No	12.8	No	2	16	No
EMP0728	32	Marketing	2	3	6755	3	3	Yes	8.1	No	2	25	No
EMP0729	30	Operations	1	1	4090	3	2	No	7.5	No	3	18	No
EMP0730	39	HR	4	15	10785	3	2	Yes	27.9	No	2	11	No
EMP0731	28	Operations	1	0	4545	3	4	Yes	8.8	No	4	21	No
EMP0732	42	Sales	3	14	10246	5	3	Yes	8.8	No	3	17	No
EMP0733	22	Sales	1	0	4178	3	3	No	5.7	No	2	10	No
EMP0734	48	HR	2	2	6477	3	2	No	11.3	No	1	12	No
EMP0735	42	Marketing	2	3	6953	3	3	No	2.1	No	2	15	No
EMP0736	40	Marketing	2	11	8396	2	2	No	11.9	No	2	9	Yes
EMP0737	47	Finance	2	4	7744	4	3	No	6.4	No	3	11	No
EMP0738	54	Engineering	5	16	18496	4	3	No	2.9	No	3	16	No
EMP0739	48	Marketing	3	5	9725	3	4	No	1.2	No	2	12	No
EMP0740	22	Sales	1	0	4144	1	3	Yes	12.5	No	3	16	Yes
EMP0741	25	Sales	1	1	4873	5	2	No	4.7	No	2	14	No
EMP0742	31	Sales	3	5	9639	3	4	Yes	7.9	No	3	21	No
EMP0743	38	Finance	3	9	10120	3	3	No	12	No	3	22	No
EMP0744	43	HR	3	5	8257	2	3	No	19.3	No	2	11	Yes
EMP0745	30	Sales	3	7	10016	3	2	No	14	No	2	19	No
EMP0746	39	Marketing	2	5	8527	3	2	Yes	3	No	3	13	No
EMP0747	30	Engineering	2	3	8725	4	1	Yes	19	No	3	12	Yes
EMP0748	31	Operations	1	3	4698	5	2	No	8.6	No	2	16	No
EMP0749	23	HR	1	0	4104	3	1	Yes	5.1	No	3	11	No
EMP0750	28	Sales	3	5	8721	5	2	No	12.4	No	2	11	No
EMP0751	24	IT	2	2	8881	3	3	No	5.7	No	4	17	No
EMP0752	28	Sales	2	2	5796	3	2	No	1.9	No	2	15	No
EMP0753	48	Finance	4	25	16137	3	4	No	22	No	2	16	No
EMP0754	28	Engineering	1	0	5962	5	1	Yes	3.3	No	3	23	Yes
EMP0755	60	Sales	5	25	15955	3	4	Yes	5.6	No	3	17	No
EMP0756	42	Finance	1	1	6204	5	1	No	11.9	No	3	16	No
EMP0757	39	Sales	3	9	9505	2	4	No	19	No	4	14	No
EMP0758	29	Operations	1	4	4488	5	2	Yes	7.5	No	2	11	No
EMP0759	45	Engineering	5	17	18669	3	4	Yes	5.2	No	2	16	Yes
EMP0760	32	Engineering	2	6	8663	5	3	No	2.8	No	2	11	No
EMP0761	39	Marketing	4	10	11973	4	1	Yes	15.1	No	2	14	No
EMP0762	60	Sales	3	12	9861	2	2	No	2.4	No	4	9	No
EMP0763	37	HR	1	2	4040	2	4	No	6.9	No	3	13	No
EMP0764	49	Operations	3	23	10902	2	2	Yes	11.5	Yes	3	17	Yes
EMP0765	30	Finance	3	8	10948	3	3	No	7.7	No	4	17	No
EMP0766	37	Engineering	4	13	15136	4	1	No	19.5	Yes	4	20	No
EMP0767	55	Finance	3	28	14843	1	2	Yes	14.4	Yes	4	12	No
EMP0768	31	IT	3	7	10912	3	2	No	12	No	3	20	No
EMP0769	56	Sales	2	4	6666	4	3	No	2.5	No	3	23	No
EMP0770	45	Marketing	2	2	7712	3	3	Yes	10.7	No	1	15	No
EMP0771	32	Sales	2	2	6618	3	2	Yes	20	No	3	21	No
EMP0772	44	Operations	4	22	12054	3	3	No	4.2	No	2	17	No
EMP0773	47	Finance	2	12	9456	5	3	No	10	No	2	15	No
EMP0774	44	Operations	1	4	4046	2	2	No	5.1	No	3	19	Yes
EMP0775	22	IT	1	0	6316	5	2	No	5.5	No	3	14	No
EMP0776	30	Sales	3	5	8909	3	4	Yes	5.1	No	3	19	No
EMP0777	35	Sales	2	13	9350	3	3	No	3.4	No	2	14	No
EMP0778	37	Engineering	3	5	10989	5	4	No	1.1	No	3	9	No
EMP0779	44	Engineering	2	8	9267	3	2	No	9.4	No	1	22	No
EMP0780	39	Marketing	3	16	11485	5	3	No	2.2	No	2	20	No
EMP0781	24	Operations	1	1	5008	3	1	Yes	16.4	No	3	17	No
EMP0782	41	Engineering	2	12	9957	3	3	Yes	21.6	No	3	10	No
EMP0783	44	HR	2	4	5848	5	2	No	28.9	No	2	10	No
EMP0784	43	Operations	4	21	12427	3	3	No	15.7	No	3	15	No
EMP0785	48	Sales	3	21	10914	5	4	Yes	14.5	No	2	16	No
EMP0786	46	Sales	4	16	12537	4	3	Yes	4.1	No	2	19	No
EMP0787	42	Marketing	2	2	7338	4	2	Yes	6.5	No	3	11	No
EMP0788	37	Engineering	3	11	12799	4	2	No	2	No	2	14	No
EMP0789	22	IT	1	0	6247	4	3	Yes	14	No	2	19	No
EMP0790	42	Engineering	2	5	9333	2	3	No	4.8	No	2	19	No
EMP0791	40	Operations	2	13	8406	2	3	No	17.3	No	2	19	No
EMP0792	40	Marketing	4	14	12931	3	4	No	3.3	No	3	9	No
EMP0793	25	Sales	1	1	3928	3	4	No	4.7	No	1	15	No
EMP0794	27	Sales	2	2	6061	4	3	No	9	No	4	10	No
EMP0795	48	Sales	4	10	11357	4	2	No	15.1	No	4	11	No
EMP0796	37	Sales	3	8	9508	4	4	No	3	No	3	16	No
EMP0797	44	Engineering	2	5	9441	3	2	Yes	1.8	No	2	12	No
EMP0798	38	Marketing	3	14	10776	4	1	No	9.4	No	2	11	No
EMP0799	38	Marketing	3	11	11082	4	2	Yes	2.8	No	2	17	No
EMP0800	47	Marketing	2	5	6590	4	4	No	1.9	No	4	17	No
EMP0801	32	Sales	1	0	4226	4	2	No	4.4	No	2	14	No
EMP0802	38	Marketing	5	15	15497	2	3	No	10.6	No	2	10	No
EMP0803	33	Engineering	2	3	9306	3	2	Yes	16.5	No	4	11	No
EMP0804	33	IT	1	1	6328	3	1	No	2	No	4	12	No
EMP0805	34	IT	1	0	6265	4	3	No	11.6	No	2	14	Yes
EMP0806	40	Operations	2	2	6266	3	3	No	6.8	No	4	17	No
EMP0807	33	Finance	1	2	5739	3	3	No	2.4	No	2	13	No
EMP0808	50	Sales	1	4	4160	4	3	No	9.9	No	2	8	No
EMP0809	29	Sales	1	0	4378	2	2	No	19	No	2	18	No
EMP0810	36	Operations	3	6	7886	4	3	No	7.2	No	2	15	No
EMP0811	33	Engineering	1	0	6308	4	4	Yes	21.9	No	2	10	No
EMP0812	52	HR	4	19	10966	4	2	Yes	8.4	No	3	14	No
EMP0813	39	Operations	2	5	6552	4	2	Yes	9.6	No	3	16	No
EMP0814	48	Marketing	1	0	4404	5	2	No	7.8	Yes	2	10	No
EMP0815	23	Sales	1	0	4494	2	3	No	9.6	No	2	10	No
EMP0816	40	Sales	3	14	10134	4	3	No	22.5	No	1	16	No
EMP0817	46	Sales	3	6	8123	4	3	No	23.3	No	4	16	No
EMP0818	38	Finance	4	10	13772	3	1	Yes	4.3	Yes	3	16	No
EMP0819	48	HR	4	22	11957	4	4	No	5.1	No	2	14	No
EMP0820	32	IT	2	3	8583	4	4	No	11.4	No	2	14	No
EMP0821	52	Finance	3	25	13442	3	1	Yes	1.1	No	3	11	No
EMP0822	60	Sales	4	26	13441	4	3	No	22.8	No	2	11	No
EMP0823	34	Sales	3	8	9678	5	3	No	3.7	No	3	14	No
EMP0824	33	HR	2	8	7315	3	3	No	6	Yes	2	16	No
EMP0825	52	IT	3	8	12124	5	3	No	2.1	No	3	11	No
EMP0826	53	Sales	4	15	11466	3	4	No	12.7	No	3	16	No
EMP0827	32	Operations	2	9	7924	2	3	No	9	Yes	1	15	No
EMP0828	33	Engineering	3	5	11831	2	2	Yes	2.4	No	3	14	No
EMP0829	35	Engineering	1	1	6774	3	3	No	7.1	No	3	21	No
EMP0830	24	IT	1	1	6566	3	3	No	8.2	No	3	13	No
EMP0831	28	Sales	2	2	6774	4	2	Yes	6.9	No	2	19	No
EMP0832	27	Finance	2	3	7752	2	2	Yes	20.4	No	4	19	No
EMP0833	30	Sales	2	8	7120	3	1	No	1.8	No	2	12	No
EMP0834	37	Operations	2	2	5839	3	4	No	32.8	No	2	16	No
EMP0835	40	Operations	2	5	6539	3	3	No	10.4	No	1	12	No
EMP0836	53	Operations	1	1	3855	1	4	Yes	1	No	3	16	No
EMP0837	28	Sales	2	6	6342	3	4	No	4.2	No	3	17	No
EMP0838	47	Sales	4	16	11458	3	1	Yes	7.3	No	2	15	No
EMP0839	35	HR	3	11	8833	4	2	No	7.7	No	3	15	No
EMP0840	37	Engineering	2	4	8865	3	2	No	11.4	No	1	11	No
EMP0841	44	Marketing	3	7	10304	3	3	No	3.8	No	3	11	No
EMP0842	26	HR	1	1	4059	1	3	No	8.9	No	2	6	No
EMP0843	41	Sales	2	9	8226	4	3	Yes	4.2	No	3	19	No
EMP0844	39	Finance	5	17	16555	3	4	No	3.8	No	2	10	No
EMP0845	42	Operations	2	9	7395	3	4	No	8.5	No	3	13	No
EMP0846	40	IT	2	8	9596	4	2	No	7.4	No	2	16	No
EMP0847	60	Engineering	4	27	17276	4	4	No	6.2	No	3	11	No
EMP0848	31	Engineering	3	7	12356	3	4	No	1.4	No	2	17	No
EMP0849	32	Sales	2	2	6863	4	3	No	8.6	No	4	18	No
EMP0850	31	Sales	1	0	4902	3	2	No	20.7	No	2	21	No
EMP0851	32	Engineering	2	3	8529	3	2	No	3.7	No	3	14	No
EMP0852	31	IT	3	7	11380	4	2	Yes	8.8	Yes	2	20	No
EMP0853	49	Sales	2	2	5506	4	2	No	8.6	No	2	11	No
EMP0854	52	Engineering	3	9	12118	5	3	Yes	6.3	No	4	15	No
EMP0855	32	Sales	1	1	3964	3	3	Yes	5.9	No	3	17	No
EMP0856	29	Engineering	2	6	10473	3	2	No	1.4	No	3	16	No
EMP0857	42	Sales	3	19	11100	4	3	No	18.1	No	3	21	No
EMP0858	32	HR	2	5	6150	2	1	No	3.2	No	3	21	No
EMP0859	44	Engineering	5	20	18976	5	1	No	14.9	No	3	19	No
EMP0860	40	Sales	1	1	3954	3	4	No	26.1	No	2	6	No
EMP0861	22	Sales	1	0	4253	1	1	No	5.9	No	4	8	No
EMP0862	53	Marketing	3	9	10175	2	1	No	11.7	Yes	2	24	No
EMP0863	55	Engineering	1	1	6472	3	2	Yes	8.5	No	2	14	Yes
EMP0864	31	Sales	3	8	8810	2	3	Yes	8.3	No	4	16	No
EMP0865	34	IT	2	10	9271	3	3	No	13.2	No	2	19	No
EMP0866	40	Engineering	2	9	9805	3	3	No	5.9	No	2	18	No
EMP0867	41	Marketing	1	1	5465	1	3	No	9.6	No	3	19	No
EMP0868	44	Operations	3	7	8715	3	2	No	13	No	4	20	No
EMP0869	58	Engineering	3	23	13796	3	3	Yes	21.5	Yes	4	14	No
EMP0870	36	Operations	1	0	4253	3	3	No	19.4	No	2	13	No
EMP0871	30	IT	1	0	5457	4	3	Yes	1	No	2	21	No
EMP0872	24	Sales	1	0	4028	3	2	No	11.2	No	3	29	No
EMP0873	30	Operations	2	3	6534	4	3	No	7.8	No	2	16	No
EMP0874	37	Sales	1	1	4923	3	2	No	6.9	No	2	16	No
EMP0875	55	Engineering	2	11	10043	1	3	Yes	18.9	No	3	17	No
EMP0876	32	Operations	1	0	4455	5	3	Yes	5.2	No	2	9	No
EMP0877	40	IT	3	8	12024	3	3	No	6.4	No	1	7	No
EMP0878	37	Finance	3	12	10476	3	3	No	3.1	No	1	16	No
EMP0879	49	Sales	4	18	12805	3	3	No	11.1	No	4	17	No
EMP0880	60	HR	4	16	11974	4	4	No	13.3	No	3	19	No
EMP0881	32	Marketing	1	1	5007	5	3	No	23.3	No	4	14	No
EMP0882	33	Engineering	3	7	12618	5	3	No	4.9	No	2	18	No
EMP0883	48	IT	2	4	8877	5	3	No	2.8	No	3	19	No
EMP0884	44	Engineering	3	6	11739	3	3	No	9.4	No	2	11	No
EMP0885	56	Sales	4	15	12283	5	2	No	21.9	No	2	11	No
EMP0886	43	Sales	3	16	9739	3	4	No	6.4	No	2	15	No
EMP0887	34	Engineering	3	5	12385	1	4	No	7.7	No	1	12	No
EMP0888	43	Finance	3	6	10551	2	4	No	13.9	No	3	20	No
EMP0889	49	Sales	5	19	13950	3	2	Yes	2.8	No	3	7	No
EMP0890	46	Operations	2	7	6663	4	2	No	10.9	No	2	17	No
EMP0891	43	Sales	2	7	7361	2	2	Yes	10.2	No	2	13	Yes
EMP0892	48	Engineering	5	22	19464	3	4	No	3.7	No	4	17	No
EMP0893	49	Finance	4	10	13562	5	2	No	4.5	No	3	11	No
EMP0894	51	Sales	3	14	10039	4	3	No	3.5	Yes	3	16	No
EMP0895	44	Marketing	3	17	11397	4	2	No	38.1	No	3	13	No
EMP0896	36	Operations	2	5	5951	2	2	Yes	19.5	No	3	16	No
EMP0897	39	Marketing	3	11	10386	1	2	No	19.1	No	3	17	No
EMP0898	50	HR	3	14	9004	2	4	No	7.3	Yes	2	17	No
EMP0899	29	Operations	2	3	6455	3	4	No	2.8	No	1	13	No
EMP0900	41	IT	3	5	10328	4	2	No	12	No	2	18	No
EMP0901	34	Sales	1	1	4429	2	1	No	10.6	No	4	14	No
EMP0902	38	Finance	2	8	9553	2	4	No	5.7	No	2	15	Yes
EMP0903	50	Sales	3	7	9359	2	1	No	10.4	No	3	8	No
EMP0904	39	Sales	3	13	10519	3	1	Yes	8.4	No	3	15	No
EMP0905	38	Engineering	3	7	11653	4	4	Yes	8.3	No	3	16	No
EMP0906	24	IT	1	1	6783	4	4	No	2.5	No	2	22	Yes
EMP0907	45	Marketing	2	3	7848	3	2	No	1	No	3	17	No
EMP0908	44	Engineering	3	5	11584	4	1	No	8.1	Yes	3	12	No
EMP0909	59	Sales	2	2	6923	3	1	Yes	4.5	No	3	16	No
EMP0910	34	IT	2	2	7802	5	3	Yes	3.4	No	3	13	No
EMP0911	40	Engineering	3	18	12871	3	3	No	8.2	No	1	9	No
EMP0912	40	Engineering	2	10	10303	3	2	No	21.3	No	2	13	No
EMP0913	53	Operations	5	28	15686	3	4	No	2.8	No	3	12	No
EMP0914	37	Marketing	3	9	9890	1	3	No	22.3	No	3	13	No
EMP0915	40	Sales	4	11	11977	3	4	No	7.6	No	2	13	No
EMP0916	44	Engineering	3	13	13017	4	2	No	4.7	No	2	12	No
EMP0917	39	IT	3	17	12592	4	4	No	3	Yes	3	12	No
EMP0918	33	IT	3	7	10993	5	4	No	6	No	3	19	No
EMP0919	39	Sales	3	8	8939	3	2	No	1.8	No	2	13	No
EMP0920	48	Engineering	3	14	12655	2	1	No	7.6	Yes	3	13	No
EMP0921	27	Sales	1	1	4451	4	2	Yes	4	No	3	18	No
EMP0922	39	Marketing	2	2	6503	1	3	No	10.7	No	2	15	No
EMP0923	30	Finance	3	6	10556	2	1	No	10.9	No	2	13	No
EMP0924	49	Engineering	2	10	10058	3	1	No	4.6	No	2	14	Yes
EMP0925	22	Operations	1	0	4531	4	1	Yes	3	No	2	12	No
EMP0926	32	Finance	3	9	10954	4	4	No	15.5	No	3	12	Yes
EMP0927	41	Finance	4	17	15397	5	3	No	9.2	No	2	25	No
EMP0928	53	IT	2	3	8580	4	2	No	7.8	No	4	24	Yes
EMP0929	37	Engineering	3	11	13717	4	2	No	7.7	No	2	7	No
EMP0930	32	Engineering	3	5	11176	5	3	Yes	11.8	No	3	19	No
EMP0931	56	Finance	3	12	11880	4	2	Yes	18.5	No	3	11	No
EMP0932	23	Operations	1	0	4156	4	3	No	13.5	No	3	25	No
EMP0933	22	Sales	1	0	4166	3	3	Yes	14.5	No	2	19	No
EMP0934	42	Operations	4	19	12520	3	2	No	5.9	No	3	11	No
EMP0935	32	Sales	2	4	7281	5	3	No	1.7	No	3	16	No
EMP0936	27	Sales	1	3	4821	5	1	Yes	5.3	No	3	14	No
EMP0937	45	Sales	3	13	10209	3	4	No	1.3	No	2	12	No
EMP0938	40	IT	3	12	12369	3	3	No	8.4	No	2	16	No
EMP0939	32	HR	2	7	6519	4	4	Yes	5.8	No	2	15	Yes
EMP0940	25	Sales	2	3	6372	3	2	No	14.1	No	3	18	No
EMP0941	46	IT	3	12	12239	5	4	Yes	6.7	No	3	13	Yes
EMP0942	44	Finance	2	14	9704	4	3	No	24.3	No	3	17	No
EMP0943	37	Operations	2	2	5649	2	2	No	30.4	No	2	15	Yes
EMP0944	56	Sales	1	0	4828	4	3	No	2.4	No	2	18	No
EMP0945	27	Sales	2	5	7072	4	3	Yes	13.6	No	3	7	No
EMP0946	22	HR	1	0	3932	2	1	No	6	No	3	7	No
EMP0947	31	Operations	1	1	3604	3	3	No	6.5	No	3	14	No
EMP0948	37	Marketing	1	1	5308	5	4	No	15.8	No	2	13	No
EMP0949	40	Marketing	4	18	12955	2	1	No	4.8	No	2	14	No
EMP0950	35	Operations	3	7	8680	3	4	No	7.9	No	3	16	No
EMP0951	41	Sales	1	2	5226	4	3	Yes	1.3	No	3	21	No
EMP0952	25	Finance	2	3	8981	2	3	No	5.3	No	3	16	No
EMP0953	52	Engineering	3	22	14133	3	4	Yes	12.8	No	3	16	No
EMP0954	37	Sales	3	9	10329	3	3	Yes	3.2	No	3	17	No
EMP0955	49	Sales	4	13	12216	3	3	No	7.9	No	3	12	No
EMP0956	41	Operations	3	8	8996	3	3	No	24.2	No	2	15	No
EMP0957	42	Operations	3	7	9167	1	2	Yes	2.3	No	2	9	No
EMP0958	43	Engineering	5	16	18669	5	3	No	32.7	No	3	17	No
EMP0959	42	Sales	5	15	14361	5	3	No	12.4	No	2	9	No
EMP0960	44	Sales	2	9	7579	3	2	Yes	25	Yes	3	14	No
EMP0961	51	IT	4	20	15491	2	4	No	13.3	No	3	12	No
EMP0962	39	Finance	3	9	10604	2	3	No	4	No	4	16	No
EMP0963	45	IT	5	23	18614	2	1	No	11.3	No	4	21	Yes
EMP0964	37	Operations	3	5	8900	4	4	No	8.6	No	2	12	No
EMP0965	52	Engineering	5	21	18269	4	3	Yes	10.2	No	3	14	No
EMP0966	31	Sales	1	0	3961	2	3	No	18.4	No	3	16	No
EMP0967	56	HR	2	3	6948	2	2	Yes	9.2	No	2	13	No
EMP0968	37	Sales	1	3	4821	4	3	Yes	1.9	No	3	10	No
EMP0969	23	Sales	1	1	3789	3	4	No	6	No	2	14	No
EMP0970	39	Sales	1	1	3921	3	2	No	12.9	No	3	12	No
EMP0971	31	Finance	2	3	8371	4	3	No	5.2	No	3	11	No
EMP0972	46	HR	3	20	9961	3	2	No	14.5	No	4	17	No
EMP0973	31	Engineering	1	4	6839	3	2	No	6	No	2	17	Yes
EMP0974	33	Marketing	1	4	5489	1	1	No	12.9	Yes	3	11	No
EMP0975	22	Sales	1	0	4605	3	3	No	5.4	No	3	9	No
EMP0976	33	Operations	1	3	5533	1	1	Yes	4	No	2	13	No
EMP0977	22	Finance	1	0	5406	5	3	No	15	No	3	20	No
EMP0978	22	Sales	1	0	5088	3	1	No	22.3	No	3	14	No
EMP0979	45	Marketing	1	0	5056	2	4	No	6.1	No	2	16	No
EMP0980	45	HR	3	23	10074	2	3	No	14.7	No	4	13	No
EMP0981	42	Sales	5	18	15388	1	3	Yes	16.6	No	2	27	No
EMP0982	28	Engineering	1	1	7211	5	2	Yes	8.8	No	2	15	No
EMP0983	37	IT	2	8	9243	2	3	No	1.6	No	3	8	No
EMP0984	37	Sales	2	6	7275	4	3	No	19.2	No	2	14	No
EMP0985	26	HR	1	0	4619	4	3	Yes	15.2	No	2	12	No
EMP0986	53	Operations	4	12	10947	3	2	Yes	12.6	No	2	17	No
EMP0987	46	Engineering	5	17	18633	4	3	No	1.4	No	3	11	No
EMP0988	35	Engineering	2	8	9193	3	3	No	1	No	2	10	No
EMP0989	38	Operations	2	9	8146	2	3	Yes	2.1	No	3	13	No
EMP0990	40	Engineering	2	8	9781	2	3	No	1.7	No	1	11	Yes
EMP0991	22	Finance	1	0	5875	3	3	Yes	15.9	No	2	11	No
EMP0992	35	Finance	3	10	12078	3	2	Yes	34.1	No	3	8	No
EMP0993	31	Operations	2	8	7489	4	2	Yes	27.2	No	2	17	Yes
EMP0994	27	IT	1	1	5924	4	3	Yes	6.2	No	3	13	No
EMP0995	35	Operations	3	12	10220	2	4	No	7.2	Yes	2	12	No
EMP0996	55	Finance	2	2	8417	4	4	No	7.9	No	2	17	No
EMP0997	44	Operations	3	8	8677	2	3	No	14	No	3	22	No
EMP0998	32	IT	2	2	7668	5	2	No	16	No	2	14	No
EMP0999	43	IT	3	17	12982	5	3	No	4.4	No	2	12	No
EMP1000	51	Operations	3	7	8345	2	2	No	6.6	No	2	16	No
EMP1001	47	Sales	4	21	13062	4	3	Yes	7.6	No	2	11	No
EMP1002	38	Finance	3	7	10629	5	3	No	10.2	Yes	2	11	No
EMP1003	31	Sales	3	6	9192	2	3	No	6.9	No	3	14	No
EMP1004	44	Engineering	3	18	13275	2	3	No	1.9	No	3	12	No
EMP1005	41	Sales	3	7	9863	3	4	Yes	4.1	No	3	11	No
EMP1006	46	IT	3	9	12096	2	2	No	9	No	4	16	No
EMP1007	44	Engineering	3	16	12967	5	3	No	5.3	No	3	16	No
EMP1008	48	Finance	1	0	5504	5	3	No	6.7	No	4	13	No
EMP1009	32	Marketing	2	9	8604	5	2	No	1.2	No	2	13	No
EMP1010	51	Sales	3	12	9148	3	3	Yes	14.2	No	2	8	No
EMP1011	39	Marketing	4	15	13484	1	1	No	7.1	No	3	10	No
EMP1012	58	Finance	3	28	13245	3	3	No	5.2	No	2	7	No
EMP1013	31	Operations	2	8	7847	5	3	No	12.9	Yes	4	15	No
EMP1014	55	Sales	3	5	8663	4	3	No	27	No	3	12	No
EMP1015	39	Engineering	1	4	7124	5	3	Yes	6.1	No	3	15	No
EMP1016	31	Finance	1	1	5077	5	3	Yes	6.8	No	2	16	Yes
EMP1017	33	Sales	3	10	9887	3	4	Yes	10.7	No	3	16	No
EMP1018	34	Sales	3	8	8713	1	3	No	15	No	2	15	No
EMP1019	42	Sales	3	5	8702	1	3	Yes	8.4	No	3	17	No
EMP1020	43	Finance	2	7	9233	4	3	Yes	8.4	No	3	10	Yes
EMP1021	32	Engineering	2	8	9908	5	3	Yes	1.1	No	2	14	No
EMP1022	37	Marketing	3	8	10482	3	4	No	4.3	No	3	22	No
EMP1023	59	IT	3	7	11313	5	3	Yes	8.8	No	3	15	No
EMP1024	55	Operations	2	2	5657	4	2	No	3.7	No	3	18	Yes
EMP1025	42	Engineering	2	12	10590	2	2	Yes	20.1	No	3	17	No
EMP1026	38	HR	1	1	3689	4	3	No	18.1	No	2	10	No
EMP1027	39	Sales	4	16	11988	3	2	Yes	14.7	No	3	12	No
EMP1028	44	Sales	4	15	12863	2	3	No	8.3	No	2	23	No
EMP1029	27	Engineering	2	3	9139	4	2	No	10.9	No	2	15	No
EMP1030	35	Engineering	1	1	5468	4	3	Yes	3.8	No	3	15	No
EMP1031	22	Marketing	1	0	4994	3	3	Yes	7.5	No	2	16	No
EMP1032	41	IT	3	13	12310	1	4	No	3.8	No	2	16	No
EMP1033	44	IT	1	1	5762	3	4	No	11.5	No	2	11	Yes
EMP1034	33	Sales	3	10	9427	3	3	Yes	22.9	Yes	3	14	No
EMP1035	53	Marketing	3	26	13554	2	2	No	22.9	No	2	10	Yes
EMP1036	25	Sales	1	0	5497	2	1	No	9	Yes	2	16	Yes
EMP1037	23	Marketing	1	1	5128	2	3	No	22.6	No	3	20	No
EMP1038	40	Sales	4	16	12381	3	3	No	6.7	No	4	11	No
EMP1039	48	IT	3	14	11857	4	1	No	7.7	No	3	19	No
EMP1040	54	Operations	3	19	11257	4	3	No	12.7	No	4	14	No
EMP1041	33	Sales	2	4	6570	1	4	No	5.2	No	3	14	No
EMP1042	48	Operations	2	6	6568	1	3	Yes	8.3	Yes	2	21	No
EMP1043	37	Marketing	1	1	5545	2	3	No	15.6	No	3	8	Yes
EMP1044	36	HR	3	7	8390	3	3	No	15.1	Yes	3	17	No
EMP1045	46	Marketing	2	10	8774	5	4	No	4.5	Yes	3	18	No
EMP1046	44	Finance	4	17	14989	2	3	No	9.3	No	3	21	No
EMP1047	22	Operations	1	0	4195	3	3	No	10.3	No	3	19	No
EMP1048	52	Operations	4	26	13581	1	3	Yes	21	No	2	14	No
EMP1049	51	Marketing	3	25	11896	1	3	Yes	4.7	No	1	28	Yes
EMP1050	31	Operations	1	4	5617	1	3	No	3.3	No	3	12	No
EMP1051	41	IT	4	12	14469	4	4	No	41	No	4	16	No
EMP1052	42	Engineering	3	17	13786	1	4	No	13.9	Yes	2	14	No
EMP1053	40	Sales	1	1	4896	3	2	No	7.2	No	2	19	No
EMP1054	32	Finance	1	3	4951	4	3	No	2.3	No	2	11	No
EMP1055	31	IT	2	3	8679	4	4	No	3.1	No	3	19	No
EMP1056	37	Sales	4	15	11093	2	3	No	9.3	No	3	15	No
EMP1057	49	Engineering	3	12	12847	3	3	No	5.2	No	3	14	No
EMP1058	43	Sales	5	15	14058	4	4	Yes	4.2	No	3	7	No
EMP1059	34	Operations	3	5	7670	3	4	No	13.2	No	2	16	No
EMP1060	45	IT	3	7	11584	3	1	Yes	2.8	No	4	19	No
EMP1061	22	HR	1	0	3762	3	2	No	30.6	No	4	21	No
EMP1062	49	Engineering	4	15	15368	1	4	No	12.2	No	3	20	No
EMP1063	22	IT	1	0	4506	3	3	No	17.7	No	2	20	No
EMP1064	34	Sales	4	12	11080	4	3	Yes	17.9	Yes	2	11	No
EMP1065	26	Operations	2	4	6086	4	4	No	8.5	No	2	14	No
EMP1066	25	Engineering	1	1	5581	4	4	No	9.6	No	2	16	No
EMP1067	49	Marketing	2	3	7187	3	3	No	3.8	No	1	15	No
EMP1068	33	HR	1	1	3813	4	1	No	15.9	No	2	11	No
EMP1069	41	Marketing	3	8	10350	4	3	No	12.2	No	3	12	No
EMP1070	37	IT	1	1	4584	4	2	No	13	No	4	18	No
EMP1071	42	IT	3	16	13836	2	1	Yes	21.4	No	2	8	No
EMP1072	38	Operations	3	7	8302	4	3	No	11.8	No	3	16	Yes
EMP1073	25	Sales	1	1	4496	2	4	Yes	3.9	No	2	13	Yes
EMP1074	47	Engineering	3	14	13197	5	4	No	8.6	No	3	13	No
EMP1075	33	HR	3	8	9269	3	4	No	11.5	No	2	12	No
EMP1076	22	IT	1	0	5505	3	2	No	2.4	No	1	12	No
EMP1077	33	HR	1	0	4344	3	3	No	2.1	No	2	14	No
EMP1078	53	IT	3	22	13404	3	1	Yes	3.7	No	3	12	No
EMP1079	46	IT	1	1	6420	4	4	No	1.8	No	2	13	No
EMP1080	34	Marketing	3	5	10098	3	3	No	3.8	No	3	11	No
EMP1081	34	Operations	3	12	8827	4	4	No	12	No	2	15	No
EMP1082	34	IT	3	10	12229	4	2	No	12.4	No	4	14	No
EMP1083	58	Operations	4	33	13476	2	3	No	3.8	No	4	16	Yes
EMP1084	41	Finance	4	17	14279	4	2	No	10.2	No	3	16	No
EMP1085	42	Operations	3	9	8240	5	2	No	12.6	No	3	16	No
EMP1086	48	Sales	3	9	9450	2	2	No	10.9	No	3	19	No
EMP1087	40	Marketing	2	5	8249	4	3	No	19.7	No	3	15	No
EMP1088	35	Sales	3	10	8978	2	3	No	21.3	Yes	4	10	No
EMP1089	36	Sales	3	11	9950	5	3	No	2	No	4	20	No
EMP1090	37	Operations	1	0	4079	3	3	No	12.9	No	3	13	No
EMP1091	37	Marketing	3	10	9986	5	1	Yes	13.7	No	2	18	No
EMP1092	45	Sales	2	12	7888	2	3	No	20.3	No	3	9	No
EMP1093	38	Engineering	4	15	15739	4	3	No	6.8	No	3	12	No
EMP1094	45	IT	3	9	12260	3	4	No	24.9	No	3	11	No
EMP1095	37	Operations	2	10	7533	3	2	No	6.6	No	3	18	Yes
EMP1096	38	Sales	1	1	4631	4	1	No	14.8	No	2	20	No
EMP1097	22	IT	1	0	5811	4	2	No	12.5	No	2	14	No
EMP1098	47	Engineering	1	1	5784	5	3	No	23.4	No	2	24	No
EMP1099	41	Finance	3	6	10848	3	2	No	2.7	No	3	10	No
EMP1100	47	Finance	2	5	7714	5	2	No	12.3	No	3	8	No
EMP1101	22	IT	1	0	5740	4	4	Yes	20.1	No	3	17	No
EMP1102	58	Operations	3	32	13209	3	2	No	3.2	No	3	16	Yes
EMP1103	36	Engineering	3	11	12230	2	3	No	2	No	4	6	No
EMP1104	49	Marketing	3	12	11360	4	3	No	14.2	No	2	14	No
EMP1105	27	Engineering	2	3	9185	5	2	Yes	7	No	3	13	No
EMP1106	44	HR	5	18	13818	4	3	Yes	6.4	No	2	11	No
EMP1107	27	Marketing	1	0	3436	4	3	No	8.7	Yes	3	18	Yes
EMP1108	31	Engineering	3	9	12238	5	2	Yes	22.2	No	3	12	No
EMP1109	57	HR	5	16	13094	4	3	Yes	7.4	No	2	23	No
EMP1110	36	Sales	1	1	5049	5	4	No	9	No	3	17	No
EMP1111	40	Marketing	3	7	10650	4	3	No	8.4	No	2	6	No
EMP1112	46	Operations	3	6	8808	4	3	No	1.5	No	3	22	No
EMP1113	42	Engineering	3	8	12118	3	4	Yes	5.4	No	3	18	No
EMP1114	39	IT	3	9	11310	4	4	No	7.4	No	3	13	No
EMP1115	41	Sales	3	11	8798	3	2	No	16.7	No	2	23	No
EMP1116	60	Marketing	2	14	9769	2	2	No	21.9	Yes	2	16	No
EMP1117	37	Marketing	2	14	8796	4	4	Yes	10.1	No	2	15	No
EMP1118	40	Sales	3	14	10024	4	3	No	12.2	Yes	3	11	No
EMP1119	48	Sales	1	3	5402	2	2	No	12.2	No	1	18	No
EMP1120	49	IT	1	3	6240	2	2	No	11.3	No	4	13	No
EMP1121	49	Marketing	4	22	13721	2	2	No	6.7	Yes	2	9	No
EMP1122	44	Engineering	1	0	5146	4	4	Yes	15.8	No	2	20	No
EMP1123	26	Engineering	1	1	5970	2	2	No	11.1	No	2	18	Yes
EMP1124	54	Operations	3	16	10007	2	3	No	4	No	2	13	No
EMP1125	26	Engineering	2	3	9248	3	4	Yes	16.1	No	4	12	No
EMP1126	41	Operations	4	18	11877	3	3	No	16.6	No	4	18	No
EMP1127	30	Engineering	1	0	6010	4	1	No	7.5	No	2	21	No
EMP1128	37	Marketing	2	11	7990	1	3	No	3.8	No	3	16	No
EMP1129	41	Sales	2	13	8770	4	1	No	8.1	No	2	13	Yes
EMP1130	41	Operations	1	3	6156	3	4	No	22.3	No	2	21	No
EMP1131	42	Finance	2	4	8950	2	3	No	5.7	No	2	13	No
EMP1132	54	Marketing	4	32	16405	4	4	No	7.4	No	4	17	No
EMP1133	42	Sales	1	0	4672	3	3	Yes	7.4	No	3	26	No
EMP1134	35	HR	2	4	5677	4	3	No	17.4	No	3	18	No
EMP1135	47	Sales	2	5	6619	5	4	No	1	Yes	2	17	No
EMP1136	49	Engineering	2	4	9329	4	3	No	16.8	No	3	14	No
EMP1137	25	Operations	1	1	4795	4	1	No	3.4	No	4	11	No
EMP1138	43	Operations	4	20	11770	3	4	No	4.4	No	3	10	Yes
EMP1139	45	Sales	1	4	5327	3	3	No	18.9	No	4	16	No
EMP1140	35	IT	3	9	11846	2	2	No	8.2	No	1	21	No
EMP1141	51	IT	3	8	11887	4	3	Yes	9.6	No	3	20	No
EMP1142	36	HR	1	2	4478	4	3	Yes	8.4	No	2	19	No
EMP1143	39	Marketing	3	14	11304	3	3	No	17.7	No	2	20	No
EMP1144	36	IT	2	12	8947	3	3	No	6.8	No	2	10	Yes
EMP1145	38	Marketing	3	11	11561	4	2	Yes	7.3	No	3	18	No
EMP1146	27	Marketing	1	4	6307	3	4	No	8.1	No	3	10	No
EMP1147	23	Finance	1	1	5642	4	2	No	10.9	No	2	12	Yes
EMP1148	53	Sales	3	26	11409	4	3	No	15.1	No	3	24	No
EMP1149	29	Operations	2	3	6611	3	2	No	3.3	No	2	15	No
EMP1150	28	Marketing	2	2	6569	3	4	No	14.3	No	2	21	No
EMP1151	22	Marketing	1	0	5838	3	2	No	8.6	No	2	12	No
EMP1152	31	Sales	1	1	4569	3	3	Yes	7.3	No	4	16	No
EMP1153	24	Engineering	1	0	5701	4	1	Yes	6.6	No	3	14	No
EMP1154	54	Engineering	3	9	12441	4	3	No	17.1	No	2	14	No
EMP1155	48	Engineering	3	12	12365	3	1	No	4.6	No	2	18	No
EMP1156	31	Operations	1	1	4209	1	3	No	6.3	No	3	15	No
EMP1157	60	Engineering	4	25	16553	3	3	Yes	3.4	No	1	11	No
EMP1158	47	Sales	4	14	12312	4	2	No	9.8	No	2	14	No
EMP1159	34	Marketing	2	8	8353	4	3	Yes	22.9	No	2	10	No
EMP1160	22	Marketing	1	0	5525	2	3	Yes	25.2	No	2	12	No
EMP1161	60	Sales	2	9	6837	4	2	Yes	16.6	No	4	6	No
EMP1162	24	Sales	1	1	4041	2	3	No	3.9	No	2	10	Yes
EMP1163	22	IT	1	0	5541	5	4	Yes	7.7	No	2	10	No
EMP1164	48	Sales	3	7	9705	5	4	Yes	8.4	No	3	16	No
EMP1165	60	Operations	4	24	12127	5	4	Yes	8.1	No	2	11	No
EMP1166	51	Engineering	3	14	12475	4	1	Yes	8.2	No	2	18	No
EMP1167	43	Finance	3	12	12410	4	2	No	5	No	2	16	No
EMP1168	43	Sales	2	7	7614	3	4	Yes	19.2	No	4	16	No
EMP1169	46	Operations	4	20	12780	4	1	Yes	7.5	No	3	19	No
EMP1170	45	Sales	4	20	12854	4	3	No	12.9	No	2	12	No
EMP1171	40	Engineering	4	13	16034	3	3	No	7	No	2	15	No
EMP1172	39	Sales	1	0	3774	3	4	No	25.4	No	2	17	No
EMP1173	37	Operations	4	12	10932	5	2	Yes	9.4	No	4	21	No
EMP1174	30	Operations	3	7	8461	3	3	No	8.3	No	3	12	No
EMP1175	35	Engineering	1	1	6007	3	3	No	22.3	No	2	17	No
EMP1176	22	Engineering	1	0	5372	2	3	No	14.3	No	2	18	Yes
EMP1177	37	Operations	2	5	6907	3	3	No	6.8	No	3	16	No
EMP1178	28	Operations	3	5	7697	4	2	Yes	9.6	No	3	14	No
EMP1179	26	Marketing	1	0	4333	2	2	No	15.8	No	2	19	Yes
EMP1180	39	IT	3	12	10943	4	3	Yes	3.7	No	2	17	No
EMP1181	51	Engineering	2	2	8328	4	3	No	13.1	No	3	18	No
EMP1182	47	Sales	5	17	14323	4	3	Yes	8.5	No	3	11	No
EMP1183	22	Sales	1	0	4644	5	4	Yes	8	No	3	15	No
EMP1184	28	Finance	1	1	5537	3	3	No	20.4	No	2	16	No
EMP1185	47	Engineering	2	4	8665	1	3	Yes	16.2	No	3	12	No
EMP1186	28	Sales	2	2	6397	5	4	No	7.7	No	4	14	No
EMP1187	35	Engineering	3	8	11662	2	3	Yes	17.5	No	2	6	Yes
EMP1188	43	Marketing	2	5	8776	5	3	No	28.4	No	2	11	No
EMP1189	28	Sales	3	5	8235	5	1	No	8.6	No	2	17	No
EMP1190	39	Sales	3	7	8762	5	3	Yes	3.1	Yes	2	12	Yes
EMP1191	24	IT	2	2	8419	5	2	No	17.5	No	4	16	No
EMP1192	31	Engineering	2	4	8451	1	3	Yes	13.6	No	3	23	No
EMP1193	41	Sales	5	17	14273	1	2	Yes	6.1	No	3	13	No
EMP1194	22	Finance	1	0	4680	3	3	No	2.7	No	1	13	No
EMP1195	42	Operations	3	13	9571	4	3	No	8.7	No	2	18	No
EMP1196	37	Marketing	4	14	12877	2	2	No	13.9	Yes	3	15	No
EMP1197	43	Engineering	2	9	9377	4	4	No	19.3	No	3	20	No
EMP1198	40	Operations	3	11	9064	1	3	No	9.4	No	3	14	No
EMP1199	51	HR	3	6	7829	4	2	No	2.2	No	3	18	No
EMP1200	39	Engineering	3	6	11498	3	3	No	17.4	No	3	18	No
EMP1201	33	Marketing	3	10	10883	3	3	No	5	No	4	8	No
EMP1202	39	Finance	3	12	12599	5	3	No	5.6	No	3	12	No
EMP1203	43	Marketing	4	14	11747	4	3	No	4	No	3	9	No
EMP1204	38	IT	3	6	11223	2	1	No	8.9	No	4	14	No
EMP1205	38	Marketing	3	5	9108	5	2	Yes	13.7	No	3	13	No
EMP1206	30	Operations	3	6	8289	3	4	No	2.2	No	1	17	No
EMP1207	31	Marketing	3	7	10251	4	2	No	9.2	No	2	13	No
EMP1208	23	Engineering	1	1	7343	4	4	Yes	19.1	No	3	19	No
EMP1209	55	Marketing	5	32	17638	4	3	No	17.7	No	3	18	No
EMP1210	25	Sales	2	3	6814	3	4	No	5.3	No	3	8	No
EMP1211	31	Sales	2	7	6893	4	2	Yes	7.5	No	3	13	No
EMP1212	30	Operations	1	2	4016	2	3	No	5.1	No	3	9	No
EMP1213	46	Finance	2	2	7493	3	2	No	10.6	No	3	10	No
EMP1214	35	Sales	2	4	6541	1	4	No	11.8	Yes	3	13	Yes
EMP1215	50	Engineering	2	2	8462	3	2	No	6.8	No	3	12	No
EMP1216	31	Sales	2	4	7610	3	3	No	10.3	No	3	22	No
EMP1217	40	Operations	4	14	11166	5	4	No	4.6	No	3	16	No
EMP1218	29	Sales	2	7	7627	3	2	No	17.7	No	2	15	No
EMP1219	59	Finance	4	16	14647	5	1	No	13.5	No	2	12	No
EMP1220	26	Marketing	1	1	5626	3	3	No	3.9	No	2	21	No
EMP1221	41	HR	1	1	3198	3	3	No	5.3	No	1	15	No
EMP1222	44	Engineering	3	11	12621	3	3	No	9.7	No	2	20	Yes
EMP1223	42	Engineering	3	15	13164	4	3	Yes	1.6	No	3	10	No
EMP1224	36	Operations	2	3	6280	4	1	Yes	6.8	No	2	23	No
EMP1225	36	Operations	2	8	7618	4	3	No	15.6	No	2	11	No
EMP1226	38	Finance	1	1	5589	4	2	No	6.9	No	3	20	No
EMP1227	36	Finance	2	11	9789	3	1	No	19.6	No	2	4	No
EMP1228	47	Sales	2	13	8335	3	2	Yes	15.5	No	2	14	No
EMP1229	60	Sales	4	10	11523	3	3	Yes	14.3	No	3	12	No
EMP1230	32	Operations	3	8	8918	1	3	No	14.1	No	3	9	No
EMP1231	24	Operations	2	2	6080	5	3	Yes	14.6	No	2	15	No
EMP1232	37	Finance	3	9	12031	2	4	No	5.5	No	3	15	No
EMP1233	60	Marketing	3	23	12987	2	3	No	1.7	No	2	20	Yes
EMP1234	29	Engineering	1	0	5970	4	2	No	6.5	No	4	17	No
EMP1235	54	Sales	3	24	11785	1	3	Yes	12.9	Yes	2	9	No
EMP1236	54	Finance	3	27	14190	4	4	No	16.1	No	3	14	Yes
EMP1237	32	IT	2	3	8975	5	1	No	7.1	No	4	14	No
EMP1238	43	Engineering	5	17	18956	3	4	No	8.2	No	3	18	Yes
EMP1239	54	Engineering	3	5	12003	5	3	No	9.3	Yes	2	19	No
EMP1240	34	Engineering	1	1	6062	3	3	Yes	1	No	3	17	Yes
EMP1241	35	Sales	1	2	4391	3	3	Yes	8.4	No	2	18	No
EMP1242	32	HR	2	7	7146	5	2	Yes	8.3	No	3	18	No
EMP1243	27	IT	2	2	8564	3	4	No	10.2	No	3	19	No
EMP1244	31	Operations	1	1	3858	3	4	No	11.9	No	2	14	No
EMP1245	25	Operations	1	1	4776	4	4	Yes	4.7	No	3	17	No
EMP1246	38	Marketing	3	13	11708	3	2	No	8.6	Yes	3	13	No
EMP1247	30	HR	2	2	5903	3	3	No	8.9	No	3	14	No
EMP1248	40	IT	3	15	13473	4	3	Yes	20.1	No	2	18	No
EMP1249	22	Engineering	1	0	6383	4	3	No	8.6	No	3	11	No
EMP1250	41	IT	1	0	5220	4	3	No	12	No	2	11	No
EMP1251	46	Operations	3	11	9421	4	4	No	2.3	No	2	12	No
EMP1252	22	Engineering	1	0	5114	3	2	Yes	3.6	No	2	17	No
EMP1253	41	HR	3	13	9327	3	3	No	7.8	No	3	9	No
EMP1254	50	Engineering	5	18	17787	5	3	Yes	29.3	No	3	17	No
EMP1255	25	Sales	1	1	4746	4	3	No	9.7	No	4	15	No
EMP1256	54	Engineering	3	18	13838	2	2	Yes	4.1	No	3	15	No
EMP1257	42	Operations	2	8	6785	4	3	No	3.9	No	3	13	No
EMP1258	30	Operations	3	6	9305	3	3	No	3.4	No	2	13	No
EMP1259	37	Engineering	3	13	12289	1	3	No	6.2	No	2	18	No
EMP1260	43	Engineering	2	4	7930	3	2	No	5.3	No	3	15	No
EMP1261	38	Marketing	2	8	8185	5	4	No	4	No	2	11	No
EMP1262	43	Engineering	3	20	14482	3	4	Yes	10.2	Yes	2	10	No
EMP1263	28	HR	3	6	8089	5	4	No	4.9	No	2	22	No
EMP1264	39	Finance	2	8	8603	2	3	Yes	1.4	No	3	15	Yes
EMP1265	23	HR	1	1	3325	3	3	No	12	No	3	21	No
EMP1266	36	Sales	2	8	7214	1	3	No	3.1	No	2	22	No
EMP1267	28	HR	1	0	3428	2	4	No	25.8	No	3	23	No
EMP1268	30	Engineering	2	5	9271	3	3	Yes	12.4	No	2	15	No
EMP1269	50	Engineering	5	17	18314	3	2	No	2.5	No	3	19	No
EMP1270	48	Engineering	3	7	11375	3	3	No	9.6	No	3	18	No
EMP1271	44	Engineering	5	20	18436	2	2	Yes	8.2	No	4	13	No
EMP1272	27	Operations	2	2	6903	3	3	No	21	No	2	17	No
EMP1273	34	Finance	1	1	5437	2	3	Yes	4.7	No	3	10	No
EMP1274	50	Finance	4	23	15324	4	3	Yes	26.7	Yes	3	21	No
EMP1275	39	HR	3	8	8493	5	3	No	7.4	No	3	13	No
EMP1276	60	Sales	2	3	6045	4	4	Yes	5.1	No	2	20	No
EMP1277	41	Engineering	1	1	6624	3	3	No	3.2	No	3	11	No
EMP1278	39	Operations	3	13	9303	5	3	Yes	26.8	No	2	18	No
EMP1279	34	Engineering	4	12	14420	4	2	Yes	10.1	No	3	13	No
EMP1280	39	Marketing	1	1	5418	2	2	No	4.1	No	2	16	Yes
EMP1281	36	Sales	1	1	4406	4	2	Yes	2.1	No	3	19	Yes
EMP1282	45	IT	4	21	15472	5	2	No	14.3	No	2	15	No
EMP1283	47	IT	3	6	11376	2	3	No	3.5	No	3	18	No
EMP1284	30	Sales	2	5	7575	3	2	Yes	7.8	No	1	13	Yes
EMP1285	24	Finance	1	1	5444	3	3	No	6.4	Yes	2	9	No
EMP1286	22	Sales	1	0	4017	2	2	No	6.2	No	1	17	No
EMP1287	43	Marketing	2	3	6327	3	3	No	8.3	No	2	12	No
EMP1288	26	Sales	2	2	5874	4	2	No	21.4	Yes	1	23	No
EMP1289	22	Sales	1	0	4258	3	2	Yes	12.4	No	2	19	No
EMP1290	41	Sales	3	12	9246	3	3	No	5	No	1	12	No
EMP1291	60	IT	5	19	17580	3	3	Yes	4	No	2	15	No
EMP1292	37	Operations	2	4	7444	4	2	No	11.4	No	2	20	No
EMP1293	46	Sales	3	22	12015	5	2	Yes	26.3	No	2	14	Yes
EMP1294	38	Marketing	1	1	4740	4	2	No	30.1	No	2	17	No
EMP1295	37	Sales	3	7	9219	4	3	No	14.4	No	3	13	No
EMP1296	47	Engineering	4	18	15359	3	3	Yes	3	No	2	13	No
EMP1297	35	Operations	3	8	9541	5	3	No	2	No	3	10	No
EMP1298	40	Sales	2	3	6785	3	3	Yes	12.1	No	2	8	No
EMP1299	41	Marketing	3	15	11775	5	2	No	5.5	No	2	17	Yes
EMP1300	31	Engineering	1	2	5906	4	3	Yes	4.7	No	3	16	No
EMP1301	47	Sales	2	9	8450	4	3	No	9.3	No	3	23	No
EMP1302	36	HR	2	5	6130	3	3	No	14.5	No	2	23	No
EMP1303	30	IT	3	8	10757	4	3	No	8	No	2	9	No
EMP1304	43	Operations	2	6	6693	2	3	No	3.5	Yes	3	19	No
EMP1305	29	Sales	2	3	6406	3	2	Yes	28.1	No	4	13	No
EMP1306	38	Operations	2	3	6832	4	3	No	8.7	No	3	16	No
EMP1307	37	IT	2	2	8109	5	2	No	4.1	No	4	12	Yes
EMP1308	48	Engineering	3	18	13768	4	3	Yes	19.1	No	2	12	Yes
EMP1309	42	Engineering	3	11	12108	3	3	No	11.4	No	2	12	No
EMP1310	37	Sales	2	13	7827	4	3	No	9.7	No	2	16	No
EMP1311	46	Engineering	3	12	12600	4	3	Yes	5.6	No	3	9	No
EMP1312	51	Finance	4	24	15965	2	3	No	12.9	Yes	2	9	No
EMP1313	43	Engineering	2	3	8069	5	2	No	5.6	No	3	14	No
EMP1314	38	Sales	2	9	8111	5	3	No	13.5	Yes	4	15	No
EMP1315	24	Engineering	1	0	6468	3	4	No	2.9	No	3	12	No
EMP1316	27	HR	2	5	6197	1	4	No	3.9	No	3	12	No
EMP1317	34	Marketing	2	4	7504	5	3	Yes	11.2	No	2	12	No
EMP1318	31	Finance	1	0	4175	2	4	No	10.1	No	3	14	No
EMP1319	36	Sales	1	1	5551	4	1	Yes	5.3	No	3	8	No
EMP1320	38	HR	3	10	8539	3	3	No	9.6	No	3	19	No
EMP1321	43	Engineering	3	14	13441	5	2	No	11.8	Yes	3	10	No
EMP1322	37	IT	1	4	6097	5	2	Yes	21.3	No	2	8	Yes
EMP1323	42	Engineering	3	6	11701	4	3	No	12.5	No	3	14	No
EMP1324	38	Sales	3	5	9111	2	3	No	1.4	No	2	17	No
EMP1325	22	Sales	1	0	4270	4	3	No	22.7	No	3	11	Yes
EMP1326	28	Engineering	1	1	5367	4	3	No	10.4	No	4	17	No
EMP1327	36	Sales	1	1	4587	2	3	No	10.6	No	3	17	No
EMP1328	25	Marketing	2	2	6592	4	2	No	8.3	Yes	2	13	Yes
EMP1329	43	Operations	1	0	3768	2	3	No	6.1	Yes	2	14	No
EMP1330	53	Engineering	5	24	18884	3	1	Yes	26	Yes	4	12	Yes
EMP1331	50	Marketing	3	25	12789	3	3	No	10	Yes	2	17	No
EMP1332	35	Finance	3	10	11078	4	2	No	6.3	No	3	15	Yes
EMP1333	52	Engineering	4	19	15440	3	3	Yes	12.4	Yes	3	11	No
EMP1334	39	Sales	2	4	6993	4	2	Yes	2.6	No	3	10	No
EMP1335	34	Sales	3	6	9326	3	3	No	22.2	No	4	19	No
EMP1336	31	Operations	1	0	3506	4	4	No	11.1	No	3	7	No
EMP1337	34	Operations	2	2	6189	3	2	No	11.8	No	3	15	No
EMP1338	34	Sales	2	2	6976	3	3	No	16.2	No	3	19	No
EMP1339	39	Sales	1	1	4700	4	2	No	2.4	No	3	15	No
EMP1340	39	Operations	2	4	5874	2	3	Yes	5.5	No	3	19	No
EMP1341	38	HR	4	16	11319	2	3	No	11.2	Yes	4	22	No
EMP1342	42	Operations	5	17	13469	5	3	Yes	7.9	No	4	16	No
EMP1343	49	Sales	1	0	4575	3	1	Yes	7.1	No	3	25	No
EMP1344	47	IT	3	14	12558	3	3	No	5.5	No	4	12	No
EMP1345	23	Operations	1	1	3340	4	3	No	4.7	No	2	10	No
EMP1346	22	Sales	1	0	4413	3	3	No	3.1	No	3	13	No
EMP1347	47	Marketing	3	8	10675	4	3	No	3.2	No	3	20	No
EMP1348	24	Sales	2	2	7318	2	4	Yes	11.2	No	2	20	No
EMP1349	35	Engineering	3	6	12197	4	3	Yes	25.9	No	4	14	No
EMP1350	26	Finance	1	4	6112	2	3	Yes	4.5	No	4	11	No
EMP1351	22	Engineering	1	0	6345	4	2	Yes	4.3	No	1	16	No
EMP1352	43	Finance	2	12	9771	3	2	No	27.9	Yes	3	13	No
EMP1353	45	Sales	3	18	10683	4	3	No	15.3	No	2	15	No
EMP1354	32	Finance	3	7	11524	2	4	Yes	7.5	Yes	2	10	No
EMP1355	22	Engineering	1	0	5676	3	2	No	11.7	No	2	13	Yes
EMP1356	32	Operations	3	9	8856	4	2	No	26.7	No	2	9	No
EMP1357	41	Sales	4	19	13201	4	3	No	6.5	No	3	16	No
EMP1358	23	Engineering	1	0	5541	5	4	Yes	9.7	No	3	11	No
EMP1359	39	HR	3	13	8482	3	3	No	10.4	No	3	16	No
EMP1360	37	Engineering	3	5	11064	3	2	Yes	4.7	No	3	12	No
EMP1361	43	Engineering	3	20	14022	1	1	Yes	12.1	No	3	21	No
EMP1362	39	Engineering	4	11	15966	5	4	Yes	2.5	No	2	13	No
EMP1363	28	IT	1	2	6698	2	3	No	8.2	No	3	18	No
EMP1364	49	Sales	4	22	13591	5	2	Yes	4.4	Yes	3	12	No
EMP1365	36	Operations	3	6	9242	4	3	No	25.8	No	2	12	No
EMP1366	37	Marketing	1	0	5144	5	3	No	6.3	No	2	15	No
EMP1367	28	Engineering	1	1	5841	3	3	No	19.5	No	3	23	No
EMP1368	33	Marketing	3	6	9869	3	4	Yes	12.7	No	3	16	No
EMP1369	29	Operations	3	7	8476	2	2	No	7.6	No	2	14	Yes
EMP1370	36	HR	1	3	3968	3	4	No	13.2	Yes	3	27	No
EMP1371	55	Operations	3	10	8955	5	4	No	9.9	No	3	18	No
EMP1372	24	Sales	1	1	3870	4	1	No	12.4	No	2	14	No
EMP1373	22	Finance	1	0	5338	3	1	No	2.7	No	2	15	No
EMP1374	52	Engineering	3	15	13001	3	3	Yes	4.7	No	2	17	No
EMP1375	35	Engineering	2	2	8613	4	1	No	1.7	No	2	18	No
EMP1376	31	Marketing	3	6	10741	4	3	No	28.7	No	4	16	No
EMP1377	48	HR	4	26	12800	3	3	No	19	No	4	14	No
EMP1378	31	Engineering	2	2	9582	3	3	No	9.7	No	2	18	No
EMP1379	56	Engineering	4	10	14013	4	4	Yes	7	No	2	14	No
EMP1380	44	Marketing	4	15	13688	3	4	No	1	No	2	16	No
EMP1381	33	HR	2	6	6606	5	2	Yes	4.6	No	2	12	No
EMP1382	59	Engineering	4	11	14801	3	3	Yes	2.7	No	2	15	No
EMP1383	31	Sales	3	7	8487	3	3	Yes	5.9	No	2	19	No
EMP1384	45	Operations	2	2	6350	4	3	No	10.1	No	2	9	No
EMP1385	40	Operations	1	1	5487	3	3	Yes	5.1	No	4	16	No
EMP1386	51	Sales	4	27	14170	2	4	Yes	4.4	No	3	19	No
EMP1387	53	Engineering	3	5	11526	5	3	No	6.7	No	2	15	No
EMP1388	38	Sales	5	15	14024	4	3	Yes	12.4	No	3	12	No
EMP1389	30	Operations	2	3	6624	3	4	No	3.5	No	2	19	No
EMP1390	42	Operations	4	14	12121	3	3	No	5	No	2	13	No
EMP1391	31	Sales	1	1	4465	3	2	No	8.8	No	3	19	Yes
EMP1392	58	Operations	5	19	13862	4	2	No	5.2	No	3	12	No
EMP1393	39	Sales	5	17	14252	3	1	Yes	16	No	3	17	No
EMP1394	34	Engineering	1	1	5922	3	2	No	2.3	No	2	13	No
EMP1395	39	IT	1	1	6048	4	3	No	3.4	No	2	21	No
EMP1396	24	Operations	1	0	4965	2	1	No	2.6	No	2	11	No
EMP1397	28	Operations	1	3	4323	4	2	No	5.1	No	2	17	No
EMP1398	50	HR	1	1	4334	3	2	No	5.5	Yes	2	14	No
EMP1399	31	Engineering	3	8	12201	3	3	Yes	8.5	No	2	14	No
EMP1400	27	Operations	1	0	4195	5	1	No	2.9	No	1	5	No
EMP1401	43	Finance	3	15	12365	4	3	No	3.8	No	2	26	No
EMP1402	49	Engineering	4	10	14893	3	4	No	4.8	No	2	17	No
EMP1403	45	HR	3	22	10042	4	2	No	2.3	No	2	24	No
EMP1404	47	Operations	2	5	6599	4	2	No	4.3	No	4	18	No
EMP1405	30	IT	1	2	6092	5	2	No	6	No	3	19	No
EMP1406	23	Finance	1	1	5125	4	2	No	4.9	No	3	20	No
EMP1407	53	Finance	3	11	11579	4	2	No	17.4	Yes	3	15	Yes
EMP1408	34	Sales	3	6	8986	4	2	No	22.8	No	2	9	No
EMP1409	35	Marketing	1	0	6011	1	3	No	33.7	No	3	11	No
EMP1410	51	Finance	2	8	8487	4	3	No	1.7	No	3	17	No
EMP1411	43	Sales	5	19	15050	4	3	No	8.9	No	2	24	No
EMP1412	42	Operations	3	5	8546	3	4	No	1.8	No	3	16	No
EMP1413	59	IT	4	10	14776	4	3	No	32.8	No	2	6	No
EMP1414	31	Sales	2	2	6199	5	4	No	11.2	No	2	15	No
EMP1415	47	Operations	2	3	5388	2	3	Yes	13	No	2	9	Yes
EMP1416	38	Finance	3	9	11196	3	3	No	13.8	Yes	4	20	No
EMP1417	40	Marketing	4	18	14085	2	3	No	15	No	2	19	No
EMP1418	53	Operations	4	28	13279	3	3	No	3.2	No	3	16	No
EMP1419	43	Engineering	3	5	11476	4	3	Yes	3.9	Yes	3	15	No
EMP1420	43	Operations	1	0	5187	3	3	No	10.4	No	4	15	No
EMP1421	48	Engineering	2	7	9086	2	3	No	9.6	No	3	21	No
EMP1422	34	Operations	2	7	7392	3	3	No	10.5	No	2	16	No
EMP1423	29	HR	1	0	3509	5	3	No	1.2	No	4	11	Yes
EMP1424	27	Sales	3	5	9425	4	2	Yes	8.2	No	2	8	Yes
EMP1425	22	Engineering	1	0	5965	5	2	No	15	No	3	12	No
EMP1426	58	Sales	3	16	10744	4	4	Yes	3	No	4	26	No
EMP1427	26	Sales	2	2	6278	3	4	No	9.3	No	2	12	No
EMP1428	35	Sales	1	0	4547	4	2	No	6.3	No	3	20	No
EMP1429	35	Operations	3	12	9444	4	2	No	10.1	No	2	14	No
EMP1430	41	Operations	2	2	5473	4	4	No	9	No	3	16	No
EMP1431	46	IT	1	1	5703	3	3	No	20	No	2	17	No
EMP1432	46	Operations	2	2	6313	3	1	No	6.3	No	2	16	No
EMP1433	32	Operations	2	8	6703	4	2	No	7.9	No	2	17	No
EMP1434	36	Sales	3	10	9687	4	3	No	10.2	No	2	12	No
EMP1435	40	Operations	3	15	9717	3	1	No	1.7	No	4	18	No
EMP1436	35	Operations	3	7	8907	3	3	Yes	8.6	No	3	12	No
EMP1437	54	Sales	4	20	12815	4	3	Yes	1	No	2	14	No
EMP1438	42	Finance	3	11	12740	4	3	No	15.4	No	3	17	No
EMP1439	45	HR	2	11	6265	3	2	No	20.5	No	3	16	No
EMP1440	44	IT	1	0	5403	3	4	No	4.3	No	3	18	No
EMP1441	49	Finance	4	19	15289	5	2	No	17.9	No	3	21	No
EMP1442	39	IT	2	7	9262	4	3	Yes	25.8	No	2	19	No
EMP1443	25	Sales	1	0	4718	3	2	Yes	20	No	4	14	No
EMP1444	41	Sales	4	19	11146	3	2	No	6.2	No	3	11	No
EMP1445	31	IT	2	5	8778	3	3	No	2.7	Yes	3	5	No
EMP1446	32	Sales	3	6	9003	4	2	Yes	22.9	No	2	11	No
EMP1447	43	Engineering	2	8	9904	4	3	No	6.5	No	3	17	No
EMP1448	50	Marketing	4	16	13577	5	1	No	20.6	Yes	3	13	No
EMP1449	38	Operations	2	9	7236	2	3	No	2.5	No	2	11	Yes
EMP1450	41	Engineering	2	3	8798	2	2	No	8.4	No	3	14	No
EMP1451	55	Sales	4	21	12420	4	4	No	11	No	3	19	No
EMP1452	40	HR	3	6	8272	3	3	No	7.4	No	2	21	No
EMP1453	60	HR	2	6	6438	4	3	No	5.8	No	3	10	No
EMP1454	43	Engineering	2	7	9234	4	3	No	5.3	No	3	10	No
EMP1455	22	Operations	1	0	4193	3	3	No	37.3	No	3	12	No
EMP1456	45	Finance	3	23	13170	5	2	No	6	Yes	2	11	No
EMP1457	41	Operations	2	7	6206	4	4	No	7.3	No	3	12	No
EMP1458	50	Sales	3	15	10678	3	3	No	1	No	2	17	No
EMP1459	44	Finance	2	11	10285	3	4	No	8	No	3	21	No
EMP1460	36	IT	3	14	12678	4	3	No	15.1	No	2	13	No
EMP1461	25	Marketing	2	3	7597	3	2	Yes	8.1	No	2	14	No
EMP1462	35	Sales	3	5	9599	3	3	No	10.6	No	2	10	No
EMP1463	29	IT	1	0	6751	4	3	Yes	21.8	No	3	9	No
EMP1464	32	HR	2	2	5812	2	1	No	8.6	No	2	15	No
EMP1465	43	Operations	4	21	12028	5	3	No	13.9	No	3	14	No
EMP1466	54	Sales	4	20	13118	3	3	No	6	Yes	4	15	No
EMP1467	41	Finance	4	15	14428	3	1	No	8.3	Yes	3	15	No
EMP1468	26	IT	2	3	9053	3	2	No	14.5	Yes	3	16	No
EMP1469	42	Marketing	5	19	15851	4	3	No	15.4	No	4	9	No
EMP1470	49	Engineering	5	15	17888	2	2	No	13.9	No	3	13	No
EMP1471	31	Sales	3	9	8969	5	4	No	17.3	No	3	14	Yes
EMP1472	36	Engineering	3	10	12810	3	2	Yes	5.2	No	3	10	No
EMP1473	38	Engineering	2	4	8682	5	4	No	3.1	No	2	14	No
EMP1474	30	Finance	2	5	7853	3	4	No	5.9	No	3	16	No
EMP1475	44	Sales	4	15	10823	3	4	No	9.9	No	3	13	No
EMP1476	36	Sales	3	14	10149	4	1	No	15.4	No	2	12	No
EMP1477	42	Engineering	4	10	14344	4	2	No	11.5	Yes	3	14	No
EMP1478	29	HR	1	3	4333	3	2	Yes	4.6	No	3	10	No
EMP1479	33	Marketing	1	1	4905	4	4	Yes	31.1	No	2	13	No
EMP1480	45	Finance	1	1	5467	3	4	No	1	No	1	14	No
EMP1481	34	Operations	2	11	7118	3	2	No	5.4	No	3	20	No
EMP1482	55	Engineering	4	15	15076	4	2	No	11.3	No	2	17	No
EMP1483	34	HR	2	2	5425	5	3	No	3.8	No	1	13	No
EMP1484	40	Engineering	1	1	6051	4	2	No	12	No	2	16	Yes
EMP1485	47	Sales	3	16	9927	3	3	No	8.9	No	3	14	No
EMP1486	23	Marketing	1	1	5778	4	4	No	15.6	No	3	11	No
EMP1487	22	Operations	1	0	4195	4	3	No	5.4	No	2	16	No
EMP1488	22	Sales	1	0	3732	3	3	No	16.1	No	2	14	No
EMP1489	50	Sales	4	23	13459	3	2	No	10.7	No	2	14	No
EMP1490	32	Finance	1	4	5650	2	2	No	17.3	No	3	17	No
EMP1491	60	Finance	3	9	11772	2	3	No	5.3	Yes	3	16	Yes
EMP1492	32	Engineering	1	0	5693	4	4	No	13.6	No	3	21	No
EMP1493	39	Finance	3	12	12396	3	3	No	6.7	Yes	3	15	No
EMP1494	53	IT	3	15	13189	3	2	No	3.4	No	2	19	No
EMP1495	58	Sales	3	8	11120	3	2	Yes	1	No	3	14	Yes
EMP1496	58	Sales	3	23	11598	2	3	Yes	14.2	No	3	15	No
EMP1497	50	Sales	2	3	7094	5	2	No	2.2	No	3	18	No
EMP1498	48	Finance	3	23	13356	3	1	No	1.6	No	1	13	No
EMP1499	43	Engineering	5	15	17892	2	2	No	17.2	Yes	3	18	No
EMP1500	45	IT	3	22	14356	5	3	No	4.3	No	3	15	No
EMP1501	32	Finance	3	10	11786	4	3	No	13.6	No	2	11	No
EMP1502	29	Engineering	3	6	11653	4	1	Yes	3.1	No	3	11	No
EMP1503	37	Sales	2	10	8460	3	2	Yes	5.4	No	3	16	Yes
EMP1504	36	Marketing	2	6	8400	3	2	No	7.5	No	3	22	No
EMP1505	33	Engineering	1	0	6778	4	3	Yes	12.6	No	3	15	No
EMP1506	44	IT	4	21	16520	4	3	Yes	12.5	No	4	12	No
EMP1507	47	Engineering	2	12	10023	3	2	No	12.8	No	3	16	No
EMP1508	38	Engineering	2	3	8619	2	4	No	5.8	No	2	17	No
EMP1509	52	Marketing	3	13	10737	5	3	No	6.5	Yes	3	12	No
EMP1510	26	Sales	1	1	5040	5	3	No	12.9	No	2	22	No
EMP1511	36	Marketing	2	9	9021	4	4	No	14.1	No	3	15	No
EMP1512	30	Sales	1	1	5179	4	4	No	17.2	No	2	16	No
EMP1513	22	Marketing	1	0	4285	3	4	No	5.8	No	4	17	No
EMP1514	37	Marketing	3	9	9992	5	3	No	20.9	No	3	13	No
EMP1515	36	HR	3	6	8441	4	3	No	9.1	No	3	18	No
EMP1516	53	Finance	3	8	11714	2	2	No	5.1	No	3	12	No
EMP1517	44	Sales	1	4	5254	2	4	Yes	19.9	No	2	13	No
EMP1518	27	HR	1	4	5363	5	2	No	1.9	No	2	20	No
EMP1519	56	Engineering	3	13	11804	5	3	Yes	4.2	No	2	10	No
EMP1520	50	HR	2	6	6395	4	3	Yes	16	No	3	17	No
EMP1521	43	IT	2	6	9728	3	2	No	8.1	No	2	10	No
EMP1522	35	Sales	2	8	7669	4	3	Yes	1.5	No	3	13	No
EMP1523	28	Finance	1	2	5397	4	3	No	1.6	No	3	16	No
EMP1524	34	Engineering	1	0	6394	1	4	No	4.6	No	2	19	No
EMP1525	48	HR	4	17	11418	4	1	No	3.6	No	3	22	No
EMP1526	56	Operations	4	21	12159	3	4	No	11.6	No	3	23	No
EMP1527	53	Sales	2	13	7464	3	4	No	7.2	No	1	13	No
EMP1528	33	Operations	3	9	9258	3	3	No	4.8	Yes	2	5	No
EMP1529	26	Sales	1	1	4106	4	2	No	10.5	No	4	20	No
EMP1530	39	HR	3	12	10071	3	4	Yes	8.2	No	2	19	No
EMP1531	22	Finance	1	0	4608	4	3	Yes	10.4	No	3	19	No
EMP1532	41	Sales	3	13	10077	1	3	No	3.3	No	2	12	No
EMP1533	36	Operations	3	8	9135	4	4	No	12.9	No	2	11	No
EMP1534	33	Sales	2	2	6091	4	3	Yes	3.4	No	3	8	No
EMP1535	22	Operations	1	0	3845	3	2	Yes	3.5	Yes	3	14	No
EMP1536	43	HR	1	1	4575	2	1	No	4.7	No	3	17	No
EMP1537	32	Finance	3	10	10924	4	3	No	2.8	No	1	14	No
EMP1538	26	IT	1	0	6760	3	2	No	16	No	3	16	Yes
EMP1539	22	Engineering	1	0	6027	5	2	Yes	1.9	No	3	6	No
EMP1540	37	Sales	5	15	13740	3	3	No	10.4	No	2	18	No
EMP1541	55	Operations	3	33	13321	4	3	No	4.3	No	2	28	No
EMP1542	54	Sales	4	18	12070	1	4	No	22.8	No	2	11	No
EMP1543	33	Marketing	3	6	10764	4	2	No	7.1	No	2	10	No
EMP1544	31	IT	1	1	5458	4	4	No	5.8	No	3	16	No
EMP1545	42	Finance	3	12	12329	3	3	No	9.5	No	2	14	No
EMP1546	28	Sales	1	4	6032	5	4	No	5	No	3	25	No
EMP1547	41	Sales	3	17	10598	5	4	Yes	15.8	No	1	13	No
EMP1548	45	Engineering	4	22	16446	5	3	No	1.1	Yes	2	15	No
EMP1549	50	Engineering	4	25	16807	4	3	No	38	No	2	11	No
EMP1550	36	Sales	3	7	8759	3	4	No	12	Yes	3	14	No
EMP1551	35	Operations	2	7	6972	3	3	No	9.7	No	3	12	No
EMP1552	29	Engineering	2	4	9453	2	3	No	1.3	No	2	14	No
EMP1553	29	IT	2	7	9463	4	3	Yes	13.8	No	3	15	No
EMP1554	35	Operations	3	7	8864	2	2	No	5.8	No	3	18	No
EMP1555	41	IT	4	14	14493	2	4	Yes	5.2	No	3	18	No
EMP1556	47	Engineering	3	24	13861	3	3	Yes	2.4	No	2	14	No
EMP1557	29	Marketing	1	0	5883	2	2	No	10.3	Yes	2	18	No
EMP1558	52	Engineering	3	27	14182	3	1	No	23.9	Yes	3	15	No
EMP1559	35	Engineering	1	0	5924	4	3	No	7.5	No	2	8	No
EMP1560	37	Marketing	2	13	9326	4	4	No	5.3	Yes	3	16	No
EMP1561	30	Operations	1	1	5110	3	3	Yes	23.7	No	2	16	No
EMP1562	22	Sales	1	0	4510	3	4	Yes	10.8	No	2	10	Yes
EMP1563	46	Engineering	3	5	11687	3	2	No	1	No	3	18	No
EMP1564	45	Sales	4	16	12063	3	3	No	8.2	No	2	16	No
EMP1565	35	Operations	2	4	7345	4	2	No	19.7	No	4	9	No
EMP1566	38	IT	1	4	7086	4	2	No	27.1	No	3	15	No
EMP1567	43	Sales	4	14	11499	3	3	No	8.2	No	4	22	No
EMP1568	22	Engineering	1	0	6328	4	1	No	7.4	No	3	21	No
EMP1569	32	IT	1	3	6191	5	2	No	10.3	No	3	10	No
EMP1570	45	Engineering	3	10	12456	4	2	No	7.9	No	2	11	No
EMP1571	25	Finance	1	0	5099	2	2	No	9.1	No	4	17	No
EMP1572	40	Sales	1	0	3522	3	3	No	4	No	2	12	No
EMP1573	24	Engineering	2	2	8145	2	4	No	4.7	Yes	2	11	Yes
EMP1574	42	HR	3	10	8422	3	1	No	15.5	No	3	14	Yes
EMP1575	37	Operations	2	5	6380	3	2	No	6.8	Yes	3	19	No
EMP1576	22	Engineering	1	0	4828	4	1	No	3.9	No	2	21	No
EMP1577	49	Engineering	4	22	16655	3	4	No	28	No	2	14	No
EMP1578	30	Engineering	2	7	8745	4	2	No	2.6	No	4	20	No
EMP1579	29	Marketing	3	6	9880	3	3	No	13.8	No	4	15	No
EMP1580	40	Operations	1	1	3758	2	1	No	3	No	3	15	Yes
EMP1581	49	Operations	3	14	8765	3	3	Yes	2.4	No	3	17	No
EMP1582	27	Sales	2	5	7025	3	3	No	20.8	No	2	19	No
EMP1583	38	Operations	2	8	6979	3	2	No	9.9	No	3	13	No
EMP1584	42	Sales	4	14	12047	1	3	No	17.3	No	4	21	No
EMP1585	44	Engineering	2	7	10248	3	3	No	5.7	No	2	19	No
EMP1586	39	Operations	4	15	11844	3	3	No	5.9	No	3	17	No
EMP1587	34	Sales	3	10	10585	4	2	No	18	No	1	16	No
EMP1588	29	Sales	2	5	6896	4	3	Yes	4.8	No	3	14	No
EMP1589	38	Engineering	3	14	12539	4	3	No	6.9	No	3	15	No
EMP1590	27	Finance	1	3	6179	4	2	No	17.7	Yes	2	18	No
EMP1591	22	HR	1	0	4929	5	4	No	7.7	No	2	19	No
EMP1592	42	Engineering	2	12	9640	2	2	No	15.5	Yes	3	20	No
EMP1593	47	Operations	3	8	9460	3	4	No	5.4	No	3	17	No
EMP1594	22	Operations	1	0	4437	2	3	Yes	3	No	3	22	No
EMP1595	27	Operations	1	0	3979	3	3	No	9.2	No	1	14	No
EMP1596	44	HR	2	5	7101	4	1	No	8.8	Yes	1	9	No
EMP1597	58	Sales	2	7	6750	4	2	No	2.1	No	3	16	No
EMP1598	38	Sales	4	16	12633	2	3	No	6	No	2	15	No
EMP1599	30	Finance	1	4	6007	4	4	No	13.3	No	2	11	No
EMP1600	36	Operations	3	12	9918	4	4	No	9.8	No	1	15	No
EMP1601	51	IT	5	21	18397	2	4	No	5.8	No	3	14	No
EMP1602	31	Sales	2	3	7298	4	2	No	13.9	No	1	11	No
EMP1603	30	Sales	1	3	4974	5	2	No	15.8	No	4	17	No
EMP1604	33	Sales	2	4	6682	2	3	No	12.5	No	2	18	No
EMP1605	28	Sales	2	5	7009	2	4	No	11.3	No	3	19	No
EMP1606	39	HR	1	4	4691	4	2	No	1.2	No	2	10	No
EMP1607	54	IT	5	15	17506	3	3	No	3.2	No	2	13	No
EMP1608	41	Marketing	2	13	9291	5	4	No	10.8	No	2	20	No
EMP1609	35	HR	2	13	7558	4	3	No	19.4	No	3	14	No
EMP1610	35	Finance	3	13	12189	3	4	Yes	3.1	Yes	2	16	No
EMP1611	22	Sales	1	0	5609	3	2	No	4.2	No	3	15	No
EMP1612	46	Operations	4	13	10828	3	3	Yes	4.1	No	2	16	No
EMP1613	37	Marketing	2	8	8702	4	3	No	11.4	No	4	23	No
EMP1614	36	Sales	2	7	7009	4	3	No	2.9	No	3	13	No
EMP1615	60	Marketing	4	24	14128	3	2	No	5.7	No	3	17	No
EMP1616	40	Marketing	3	13	11667	5	3	No	5.5	No	1	18	No
EMP1617	30	Sales	2	2	6149	4	3	No	8.2	Yes	3	16	No
EMP1618	33	Engineering	2	2	8687	3	3	No	9.5	No	4	15	No
EMP1619	49	Engineering	3	16	12799	5	4	No	4.7	No	3	15	No
EMP1620	39	Sales	3	13	11259	4	1	Yes	1	No	3	15	No
EMP1621	23	Sales	1	1	4635	5	3	No	9.8	No	3	16	No
EMP1622	47	Marketing	2	12	8249	2	4	No	8.8	No	4	12	No
EMP1623	31	HR	3	5	7515	1	4	No	33.1	No	2	13	No
EMP1624	56	Finance	2	3	9210	3	3	No	20.3	No	4	6	No
EMP1625	48	IT	4	10	14152	3	4	Yes	5.1	No	3	14	No
EMP1626	33	Finance	3	7	10909	5	2	Yes	12.3	Yes	3	8	No
EMP1627	50	Marketing	1	1	5892	2	3	No	28.8	No	2	16	No
EMP1628	38	Operations	2	10	8016	1	4	No	5.4	No	4	17	No
EMP1629	46	Marketing	1	1	4710	3	4	No	1.3	No	3	17	No
EMP1630	42	Sales	2	4	6502	2	3	No	4.3	No	3	12	No
EMP1631	29	Engineering	1	4	6323	1	2	No	8.4	No	3	18	No
EMP1632	31	Finance	1	0	5336	1	2	No	2.5	No	3	14	No
EMP1633	48	Finance	3	6	11216	2	4	Yes	4.5	No	3	16	No
EMP1634	34	IT	3	6	11296	3	4	No	6.6	No	2	11	No
EMP1635	33	Marketing	3	9	10196	5	2	Yes	7.7	No	1	12	No
EMP1636	28	Operations	3	5	8312	4	4	Yes	7.2	No	3	17	No
EMP1637	42	Sales	4	19	12467	3	2	No	7	No	4	16	No
EMP1638	58	Marketing	4	12	13577	3	2	No	6	No	3	17	No
EMP1639	27	IT	2	3	8221	3	3	No	1.2	No	2	12	No
EMP1640	38	Engineering	3	10	12313	5	2	No	21.4	Yes	2	11	No
EMP1641	52	Sales	5	17	14558	4	4	No	3.2	No	2	21	No
EMP1642	37	Engineering	1	1	6487	2	2	No	2.9	No	4	20	Yes
EMP1643	42	Operations	5	15	12975	5	2	No	1.8	No	4	18	No
EMP1644	27	Sales	1	1	5198	4	3	Yes	12.1	No	2	11	No
EMP1645	42	Marketing	4	18	14771	1	3	Yes	3.2	No	2	16	No
EMP1646	36	Sales	3	5	9751	3	2	No	14.6	No	3	11	No
EMP1647	47	Engineering	1	0	4760	4	3	No	4.7	No	3	13	No
EMP1648	49	IT	4	10	14218	2	1	No	7	No	2	14	No
EMP1649	60	Sales	5	30	15869	3	1	Yes	21.9	No	3	12	No
EMP1650	43	Sales	3	17	10928	4	1	Yes	10.3	No	2	16	No
EMP1651	41	Engineering	1	0	6526	4	3	No	1.7	No	2	15	No
EMP1652	39	Marketing	4	15	12675	5	3	No	9.2	No	3	15	No
EMP1653	34	Engineering	3	9	12583	2	2	No	7.8	No	4	20	Yes
EMP1654	41	Marketing	2	6	7886	4	3	Yes	4.3	No	2	8	No
EMP1655	35	IT	4	12	14428	5	3	No	6.4	No	4	20	No
EMP1656	39	Engineering	1	0	6264	4	3	Yes	4.1	No	2	16	No
EMP1657	51	Engineering	4	22	16427	4	2	No	6.4	No	2	19	No
EMP1658	27	HR	1	4	5166	3	4	Yes	6.6	No	2	15	Yes
EMP1659	49	HR	2	8	6603	4	3	No	8.8	No	3	12	No
EMP1660	51	Sales	1	1	5316	4	2	No	5.9	No	2	20	Yes
EMP1661	36	Marketing	1	0	4989	2	2	No	21.5	No	3	17	No
EMP1662	22	IT	1	0	4611	5	3	No	4.2	No	3	9	No
EMP1663	31	Engineering	3	8	11598	5	3	Yes	12.8	No	3	11	No
EMP1664	50	Marketing	4	23	14397	3	3	No	8.3	Yes	4	19	No
EMP1665	37	Sales	2	9	7834	4	3	No	5.9	Yes	4	11	No
EMP1666	28	Marketing	3	5	9700	4	3	No	5.5	No	2	17	No
EMP1667	32	Engineering	2	4	8651	3	2	No	2.2	No	3	16	Yes
EMP1668	46	Marketing	2	7	8940	3	3	No	15	No	3	15	No
EMP1669	43	Marketing	3	7	10752	5	3	No	5.1	No	3	17	No
EMP1670	35	Sales	3	13	9446	3	2	Yes	8.6	No	3	13	No
EMP1671	34	Operations	1	4	4378	3	4	No	6.3	No	3	17	No
EMP1672	34	Marketing	3	11	10809	3	3	No	2.2	No	2	9	No
EMP1673	28	Engineering	3	6	11623	3	4	No	3.8	No	2	9	No
EMP1674	54	IT	2	12	8551	3	3	No	10.3	No	2	15	No
EMP1675	34	Sales	1	0	4140	5	4	No	8.2	No	3	14	No
EMP1676	50	Finance	2	3	8516	3	3	No	6.8	No	3	14	No
EMP1677	53	Engineering	4	17	15806	4	4	No	5.5	No	2	9	No
EMP1678	47	HR	2	9	6484	3	3	No	4.6	No	2	12	No
EMP1679	33	Engineering	2	2	8420	4	2	Yes	5.3	No	1	16	No
EMP1680	42	Engineering	3	11	12338	4	2	Yes	8.7	Yes	3	10	No
EMP1681	37	Sales	1	0	5780	5	2	Yes	9.6	No	2	18	Yes
EMP1682	28	Finance	1	2	5818	3	3	No	10.6	No	3	15	No
EMP1683	41	Finance	2	10	8838	5	4	No	9.6	Yes	2	21	No
EMP1684	26	Finance	1	1	6551	3	3	No	5	No	3	9	No
EMP1685	49	Operations	2	12	7969	5	3	No	2.4	No	2	14	No
EMP1686	33	IT	1	0	5397	5	3	No	7.1	No	3	13	No
EMP1687	40	Marketing	3	7	10059	3	4	No	6.8	No	4	15	No
EMP1688	40	Finance	4	18	14704	4	3	Yes	1.8	Yes	2	19	No
EMP1689	35	Sales	1	0	4774	5	3	Yes	1.9	Yes	2	17	No
EMP1690	43	Operations	1	1	3721	3	4	No	17.2	No	3	12	No
EMP1691	33	Operations	2	2	5584	1	4	No	23.5	No	3	14	No
EMP1692	46	Sales	2	2	6471	3	3	No	2.4	No	4	20	No
EMP1693	24	Marketing	1	1	4709	3	4	No	5	No	3	20	No
EMP1694	39	IT	3	9	12298	4	4	Yes	2.2	No	2	12	No
EMP1695	57	Sales	4	23	12835	3	3	No	8	No	2	13	No
EMP1696	27	Engineering	3	5	12753	5	3	No	2.5	Yes	2	14	No
EMP1697	31	Engineering	1	1	6074	3	4	No	2.6	No	3	20	No
EMP1698	43	Engineering	4	17	15815	4	3	Yes	12	No	3	20	No
EMP1699	39	Sales	3	13	10225	4	4	Yes	1	No	2	18	No
EMP1700	41	Engineering	4	15	15413	2	3	No	1	Yes	3	17	No
EMP1701	42	Engineering	3	6	12289	1	2	No	14.8	No	2	17	No
EMP1702	44	Operations	1	0	4272	2	3	No	4.2	No	2	17	No
EMP1703	49	Engineering	5	16	17739	1	1	No	15.8	No	3	19	No
EMP1704	42	Engineering	2	4	8317	4	2	No	10.2	Yes	3	20	No
EMP1705	35	Engineering	3	10	12495	3	4	No	8.7	No	2	19	No
EMP1706	44	Sales	1	0	4957	5	2	Yes	8.3	No	3	13	No
EMP1707	56	IT	3	20	12806	5	1	No	3.5	No	3	10	No
EMP1708	36	Operations	3	10	8869	3	3	Yes	15.4	No	3	12	No
EMP1709	28	Marketing	1	0	5482	2	4	No	9.7	No	4	14	No
EMP1710	49	HR	2	9	6524	3	2	No	18.7	No	3	11	No
EMP1711	36	Marketing	4	14	12669	4	3	No	28.3	No	3	14	No
EMP1712	22	Engineering	1	0	5924	4	2	No	8.4	No	3	22	No
EMP1713	46	Sales	3	11	10407	1	2	Yes	9.3	No	3	18	No
EMP1714	32	Engineering	2	8	10059	1	4	No	15.2	No	2	7	No
EMP1715	37	IT	1	3	6908	2	4	No	11.9	No	3	14	No
EMP1716	41	Sales	1	1	4153	3	3	No	10	No	4	24	No
EMP1717	39	HR	3	15	9120	3	3	No	5.4	No	4	18	No
EMP1718	45	Sales	2	14	8310	4	3	No	14.9	No	2	21	No
EMP1719	33	Sales	4	11	11396	2	2	No	8.8	No	4	9	No
EMP1720	43	Marketing	4	12	12411	2	2	No	4.9	No	3	11	Yes
EMP1721	35	Engineering	1	1	6390	5	3	No	29	No	3	16	No
EMP1722	45	IT	5	19	17115	5	3	Yes	4.3	No	3	11	No
EMP1723	44	Engineering	4	21	16424	4	4	No	5.9	No	4	15	No
EMP1724	28	Sales	3	5	9680	4	3	Yes	20.5	No	3	18	No
EMP1725	48	Marketing	5	17	15589	3	4	No	7.4	No	2	13	No
EMP1726	32	Operations	1	1	3933	5	4	No	9.2	No	3	15	No
EMP1727	46	Sales	1	1	4009	5	4	Yes	6.9	No	2	15	No
EMP1728	41	HR	2	2	6080	4	3	No	5.6	No	2	17	No
EMP1729	56	Operations	5	24	15388	1	3	No	14.2	No	2	14	No
EMP1730	35	Sales	3	5	8956	3	3	No	16.1	No	2	14	No
EMP1731	34	IT	3	11	11922	1	2	Yes	4.7	Yes	3	15	No
EMP1732	37	Engineering	2	13	9968	4	2	No	6.1	Yes	2	18	No
EMP1733	34	Sales	3	8	8561	2	1	No	13.1	No	2	21	No
EMP1734	45	Marketing	3	13	11086	4	2	No	19.9	No	3	12	No
EMP1735	22	Sales	1	0	3699	2	3	No	10	No	1	11	No
EMP1736	27	Finance	2	4	8757	4	4	No	6.2	No	2	18	No
EMP1737	27	HR	2	4	6513	4	2	No	7.9	No	4	12	No
EMP1738	47	Sales	5	15	13841	1	3	No	13.6	No	2	18	No
EMP1739	55	IT	3	7	11813	4	3	No	5.4	No	2	16	No
EMP1740	36	Finance	1	2	5886	2	2	No	5.7	No	4	17	Yes
EMP1741	36	Marketing	1	1	5469	2	3	No	9.1	No	3	18	No
EMP1742	38	Engineering	4	15	15897	3	3	No	6.5	No	3	16	No
EMP1743	49	Sales	3	18	10672	4	4	No	6.9	Yes	2	15	No
EMP1744	28	Finance	2	5	7801	2	4	No	3.9	No	1	15	No
EMP1745	40	Operations	3	8	9889	3	2	Yes	12.4	No	3	19	Yes
EMP1746	47	Sales	3	15	10243	3	2	No	18.1	No	3	12	No
EMP1747	43	HR	3	21	10136	5	3	No	14	No	2	11	No
EMP1748	39	HR	2	3	6271	3	2	Yes	2.9	No	1	23	No
EMP1749	48	Engineering	3	9	12053	3	2	No	1.8	No	4	17	No
EMP1750	22	Operations	1	0	3571	4	4	No	1	No	2	13	No
EMP1751	44	Sales	3	18	10204	4	2	No	4.9	No	3	18	No
EMP1752	31	Sales	1	1	4204	1	3	No	9.6	No	3	16	Yes
EMP1753	22	Sales	1	0	4678	2	3	Yes	9.3	No	2	17	No
EMP1754	43	Engineering	4	14	14952	3	2	No	10.8	No	4	24	No
EMP1755	51	Engineering	4	29	18017	4	4	Yes	14.8	No	3	11	No
EMP1756	36	Operations	1	3	4572	2	4	No	16.3	No	2	15	No
EMP1757	47	Finance	3	8	11060	3	2	No	1.2	No	3	14	No
EMP1758	54	Sales	5	28	15929	2	3	Yes	4	No	3	18	No
EMP1759	51	Finance	4	15	13830	4	1	No	2.8	No	3	20	No
EMP1760	54	Finance	4	27	16787	3	2	No	2.9	No	3	22	No
EMP1761	45	Engineering	5	20	18755	4	2	No	3.4	No	2	17	No
EMP1762	38	Sales	4	14	11913	4	3	No	14.8	No	2	15	No
EMP1763	22	Sales	1	0	4235	4	3	No	10.9	No	3	10	No
EMP1764	35	Sales	2	7	7075	4	2	Yes	5.4	No	1	15	No
EMP1765	29	Operations	1	1	3771	4	2	No	5.1	No	2	16	No
EMP1766	59	HR	4	34	13234	1	3	No	8.6	No	2	16	No
EMP1767	36	IT	3	5	10524	4	3	No	6.6	Yes	3	16	No
EMP1768	39	Operations	2	3	6861	5	2	No	1.1	No	3	22	No
EMP1769	43	Engineering	1	0	5616	3	3	Yes	6.6	Yes	2	18	No
EMP1770	38	Operations	3	8	8221	2	2	No	8.5	No	2	19	No
EMP1771	54	Sales	4	16	12943	4	2	No	4.5	No	3	21	No
EMP1772	31	Sales	1	0	4530	3	4	No	4.4	No	2	15	No
EMP1773	39	Marketing	1	0	4413	2	3	Yes	8.1	No	2	18	Yes
EMP1774	30	Engineering	2	6	9585	5	4	No	4.7	No	2	16	No
EMP1775	24	Engineering	2	2	9426	4	2	Yes	5	No	2	13	No
EMP1776	31	Finance	3	8	11439	4	3	No	12	No	2	9	No
EMP1777	37	Operations	5	15	13239	4	1	Yes	5	No	2	13	No
EMP1778	33	Engineering	2	2	8933	3	3	No	10.1	No	3	16	No
EMP1779	31	Engineering	3	7	12447	3	3	No	6.7	No	2	13	No
EMP1780	23	Marketing	1	0	5863	3	4	No	4	No	3	21	No
EMP1781	37	Finance	2	2	7524	4	4	No	18.4	No	3	18	No
EMP1782	22	Sales	1	0	4511	3	2	Yes	13.4	No	2	22	No
EMP1783	45	IT	3	11	12392	4	3	No	2.5	No	2	12	No
EMP1784	38	Finance	2	2	8085	3	3	No	16.8	No	1	17	No
EMP1785	23	Marketing	1	0	5264	4	1	No	11.3	No	4	12	No
EMP1786	34	IT	1	0	6904	4	1	No	4.9	No	3	17	No
EMP1787	30	IT	1	1	5819	4	2	No	8.1	No	2	13	No
EMP1788	41	Sales	2	6	6493	2	3	No	4.5	No	2	13	No
EMP1789	51	Sales	3	18	11725	4	2	No	1	No	3	18	No
EMP1790	22	Operations	1	0	5083	5	4	No	12.2	No	3	24	No
EMP1791	39	IT	3	6	11611	2	3	No	11.2	No	3	17	No
EMP1792	36	Finance	2	4	8052	5	3	No	8	No	1	16	No
EMP1793	44	Engineering	3	7	12278	3	3	No	7.5	Yes	4	11	No
EMP1794	40	Finance	4	15	14366	5	2	No	3.9	No	2	12	No
EMP1795	30	Sales	2	2	6445	5	4	Yes	5.6	No	3	8	No
EMP1796	34	IT	2	8	8981	4	2	Yes	14.3	No	4	13	No
EMP1797	30	Engineering	3	6	11691	3	4	Yes	16.6	Yes	3	19	No
EMP1798	48	IT	2	4	8993	3	3	No	12.8	No	3	6	No
EMP1799	38	Engineering	4	10	14782	3	3	Yes	15.2	No	4	12	No
EMP1800	57	IT	2	9	9912	4	4	No	12.8	No	3	12	No
EMP1801	37	Engineering	3	8	11890	2	2	No	5.8	Yes	3	8	No
EMP1802	30	Operations	2	4	6270	4	3	No	10.2	No	3	16	No
EMP1803	22	IT	1	0	5993	4	3	No	13.8	No	1	15	No
EMP1804	22	Marketing	1	0	5043	3	4	Yes	5.9	No	2	14	No
EMP1805	22	Finance	1	0	6242	4	3	No	4.6	No	3	19	No
EMP1806	40	Sales	3	8	9126	4	4	No	7.1	No	3	12	No
EMP1807	43	HR	1	0	3748	4	4	No	15.6	No	3	12	No
EMP1808	22	Operations	1	0	4115	4	4	No	5.7	No	2	14	No
EMP1809	46	Sales	4	19	12543	4	4	No	9.9	No	4	15	No
EMP1810	33	Operations	1	0	3884	1	3	No	13.1	No	4	17	No
EMP1811	39	Finance	2	7	7933	3	3	No	5	Yes	2	13	No
EMP1812	54	Sales	3	26	11423	5	2	No	5.5	No	2	23	No
EMP1813	46	Engineering	4	18	15839	2	3	No	13.7	No	2	16	No
EMP1814	35	Engineering	4	10	14046	3	4	No	1.1	Yes	2	18	No
EMP1815	29	Sales	2	4	7182	4	4	No	8	No	2	9	No
EMP1816	22	IT	1	0	5984	5	2	Yes	9.5	No	4	11	No
EMP1817	30	Finance	3	7	10615	2	3	Yes	2.8	No	3	16	Yes
EMP1818	35	Engineering	3	9	12123	1	3	No	8.8	No	3	12	No
EMP1819	28	Engineering	2	2	8604	4	3	No	11.6	No	3	8	No
EMP1820	36	Finance	2	6	7697	4	2	Yes	4	No	3	17	No
EMP1821	38	Engineering	2	7	9672	3	1	No	15.6	No	2	18	No
EMP1822	35	Sales	4	12	11401	5	4	Yes	7.1	No	3	17	No
EMP1823	31	Engineering	2	4	8512	4	2	Yes	9.6	No	2	23	No
EMP1824	39	Operations	3	11	9549	4	2	No	4.9	No	3	16	No
EMP1825	42	Sales	3	12	10021	3	3	No	9.5	No	3	14	No
EMP1826	27	Engineering	2	5	9605	5	3	No	7.5	No	3	22	No
EMP1827	52	IT	3	7	11431	3	3	No	7.2	No	2	11	No
EMP1828	37	Sales	3	14	10307	4	1	Yes	1.7	No	3	14	No
EMP1829	38	Operations	3	12	9759	2	4	Yes	9.9	No	4	9	Yes
EMP1830	45	Engineering	1	0	6838	3	2	No	9.6	No	3	12	No
EMP1831	40	Sales	3	5	8694	4	2	Yes	7.4	No	3	22	No
EMP1832	47	Sales	3	10	9724	2	3	No	7.2	No	2	19	No
EMP1833	40	Sales	2	12	8386	3	3	No	1.6	No	2	15	No
EMP1834	31	Sales	2	4	7182	2	1	No	4.6	No	2	12	No
EMP1835	41	Sales	4	19	12493	4	2	Yes	5.9	No	2	16	No
EMP1836	26	Engineering	1	0	5943	4	2	No	18.7	No	2	14	No
EMP1837	39	Sales	2	10	8081	3	3	Yes	5.9	No	2	13	No
EMP1838	37	Finance	2	9	9138	4	2	No	7.5	No	2	20	No
EMP1839	35	Operations	2	10	8337	3	2	No	3.1	No	4	9	No
EMP1840	36	Operations	3	7	8455	3	4	Yes	16.4	No	2	20	Yes
EMP1841	22	Marketing	1	0	4600	4	3	No	2	No	2	18	No
EMP1842	32	IT	3	5	11432	3	3	No	8.3	No	3	14	No
EMP1843	38	Sales	2	2	6130	2	3	No	9.3	No	3	16	No
EMP1844	39	Sales	3	11	9520	5	3	No	3.1	No	2	17	No
EMP1845	27	Engineering	3	5	11590	3	2	No	8.1	No	4	11	No
EMP1846	50	Operations	4	27	13273	3	3	No	13.1	No	1	20	Yes
EMP1847	29	Operations	2	6	6749	4	3	No	8.2	No	3	20	No
EMP1848	47	Marketing	4	22	14018	4	2	No	9.1	Yes	3	12	No
EMP1849	42	Engineering	3	7	12034	4	3	No	5.9	No	3	13	Yes
EMP1850	31	Finance	2	4	9386	2	2	Yes	1.7	No	3	15	No
EMP1851	55	Sales	4	16	12714	3	4	No	6.7	No	3	16	No
EMP1852	26	HR	1	0	3078	4	4	Yes	5.5	No	2	14	No
EMP1853	47	HR	3	9	8346	3	3	No	6.2	No	2	14	No
EMP1854	48	Sales	5	19	14815	3	4	No	8.8	No	2	14	No
EMP1855	31	Sales	3	9	8702	4	3	Yes	2.8	Yes	2	12	No
EMP1856	51	Operations	3	28	10549	4	2	No	5.3	No	3	12	No
EMP1857	35	Marketing	1	0	4637	3	4	No	27.6	No	3	13	No
EMP1858	40	Engineering	3	15	12645	5	3	Yes	2	No	2	15	No
EMP1859	40	Engineering	2	3	9670	5	3	No	1	No	2	16	No
EMP1860	36	IT	1	1	6127	1	1	Yes	16.5	No	3	23	No
EMP1861	46	Engineering	5	15	17777	3	3	No	9.3	No	3	18	No
EMP1862	45	Sales	1	0	4342	2	3	No	6.7	Yes	3	17	No
EMP1863	22	HR	1	0	4225	3	3	No	10.7	No	3	19	No
EMP1864	51	Marketing	2	2	7399	4	4	No	10.2	No	2	24	No
EMP1865	22	Sales	1	0	4724	4	3	No	13	No	2	21	No
EMP1866	48	Engineering	5	22	19061	2	1	No	2.8	No	2	10	No
EMP1867	49	Engineering	4	10	15219	4	3	No	27	No	3	12	Yes
EMP1868	27	HR	1	1	4166	4	4	No	14.8	No	3	21	No
EMP1869	33	Engineering	1	1	6539	4	2	No	10.8	No	3	13	No
EMP1870	26	Finance	1	0	5678	3	3	Yes	6.4	No	2	18	No
EMP1871	35	IT	4	11	14511	1	2	No	2.9	Yes	2	21	No
EMP1872	34	IT	3	12	12040	4	3	Yes	10.3	No	3	21	No
EMP1873	45	Finance	3	17	12417	4	1	No	5.6	No	2	16	No
EMP1874	51	HR	2	4	6176	4	3	No	3.4	No	3	15	No
EMP1875	51	Operations	4	23	13229	1	3	No	2.2	No	2	9	No
EMP1876	32	Operations	2	9	7347	3	3	Yes	7.9	No	2	19	No
EMP1877	35	Operations	3	7	8158	3	4	No	7.5	No	4	17	No
EMP1878	22	Sales	1	0	3726	4	4	Yes	2.3	No	2	13	No
EMP1879	29	Sales	1	2	4231	4	2	Yes	10.2	No	3	14	No
EMP1880	47	IT	1	1	5605	5	2	Yes	16.3	No	4	21	No
EMP1881	54	IT	4	24	16590	5	3	No	21.6	No	3	13	No
EMP1882	25	Marketing	2	3	7140	4	3	No	6.5	No	4	19	No
EMP1883	32	IT	1	2	6713	5	2	Yes	15.1	No	3	17	No
EMP1884	37	Operations	2	7	6316	2	1	No	7.1	Yes	2	15	No
EMP1885	40	HR	1	1	4481	1	3	No	15.1	Yes	3	10	No
EMP1886	29	Engineering	1	2	5368	2	3	Yes	2.2	No	3	8	No
EMP1887	42	Marketing	1	0	4441	3	4	No	10.1	No	3	17	Yes
EMP1888	33	HR	3	10	8203	4	2	Yes	27.3	No	2	13	Yes
EMP1889	37	IT	3	5	10687	3	4	No	3.3	No	2	12	No
EMP1890	43	HR	3	12	8681	4	3	No	8.8	No	4	10	No
EMP1891	38	Operations	4	16	12033	4	2	No	1.7	No	3	18	No
EMP1892	33	Operations	2	2	6538	4	4	No	2.6	No	3	18	No
EMP1893	36	Sales	3	8	8796	2	4	No	4.6	No	2	17	No
EMP1894	37	Sales	2	4	6801	3	2	No	3.4	No	2	15	No
EMP1895	34	Finance	2	5	8677	4	2	Yes	3.9	No	4	12	No
EMP1896	35	Engineering	1	3	6357	3	4	No	12	No	3	13	No
EMP1897	53	Finance	5	16	17488	4	1	No	1.5	No	3	12	No
EMP1898	43	Sales	4	20	13091	4	4	Yes	17.2	No	2	15	No
EMP1899	35	Engineering	2	4	8568	2	2	No	4.3	No	2	15	Yes
EMP1900	44	Sales	3	20	10718	3	3	Yes	4.7	No	3	17	Yes
EMP1901	34	Engineering	2	5	8666	3	2	Yes	9.1	No	1	10	No
EMP1902	49	Sales	3	10	9250	5	2	No	4.5	No	4	18	No
EMP1903	41	IT	1	1	5960	2	3	No	1.7	No	2	12	No
EMP1904	36	Engineering	1	0	5882	4	3	Yes	17.3	No	2	20	No
EMP1905	42	IT	4	14	14625	2	1	No	4.1	No	1	13	No
EMP1906	22	IT	1	0	6090	4	4	No	9.1	No	3	18	No
EMP1907	26	IT	1	1	6121	2	4	Yes	9.8	No	3	12	No
EMP1908	26	HR	2	4	5410	4	3	No	6.6	No	3	16	No
EMP1909	39	Operations	2	9	6592	3	3	No	7.4	No	2	16	No
EMP1910	55	Sales	5	31	15857	4	3	No	7.3	No	2	16	No
EMP1911	60	Sales	4	30	13996	3	4	No	9.5	No	2	11	Yes
EMP1912	44	Operations	1	4	4480	5	4	No	17.3	No	1	15	No
EMP1913	43	Sales	2	11	7748	4	2	No	7.1	No	2	12	No
EMP1914	22	IT	1	0	5978	4	3	No	11.8	No	4	14	No
EMP1915	32	Finance	3	5	10088	3	2	Yes	4.4	No	3	7	No
EMP1916	30	Engineering	3	6	11317	2	2	No	10.2	No	3	16	No
EMP1917	31	Sales	2	8	6708	4	2	No	5.1	No	3	13	No
EMP1918	36	Finance	3	6	10339	5	4	No	6.1	No	3	14	No
EMP1919	33	Marketing	1	1	5046	2	2	No	2.8	No	2	11	No
EMP1920	22	Finance	1	0	5051	3	3	Yes	6.6	No	3	16	No
EMP1921	45	Engineering	3	5	11034	4	3	No	3.9	No	4	14	No
EMP1922	27	Sales	1	0	4243	3	3	Yes	4.7	No	2	13	No
EMP1923	40	Engineering	3	6	11818	4	1	No	11	No	3	17	No
EMP1924	58	Engineering	4	33	17690	4	3	No	2.5	No	3	15	No
EMP1925	28	Sales	2	2	7110	3	2	No	7	No	2	10	No
EMP1926	22	Sales	1	0	4076	4	4	No	4	No	3	13	No
EMP1927	35	Engineering	2	7	9241	5	1	No	5.5	No	3	13	No
EMP1928	49	Finance	3	10	11978	5	2	No	11.2	No	2	14	No
EMP1929	57	Marketing	5	24	16887	1	2	No	11	No	3	10	No
EMP1930	25	Sales	2	3	6680	4	1	Yes	11.6	No	3	22	Yes
EMP1931	42	Marketing	4	15	13435	1	3	Yes	1.6	No	3	17	No
EMP1932	33	Marketing	2	8	7566	5	3	Yes	4.8	No	4	19	No
EMP1933	36	HR	1	1	5053	3	2	No	11.1	No	1	14	No
EMP1934	60	HR	4	12	9992	5	3	Yes	9.4	Yes	2	13	No
EMP1935	22	Engineering	1	0	6104	2	3	No	1	No	2	18	Yes
EMP1936	40	Sales	1	4	5661	2	2	No	10.7	No	2	15	No
EMP1937	42	Engineering	1	1	6281	5	3	No	4.9	No	3	15	No
EMP1938	48	Engineering	4	10	14674	5	2	No	1.6	No	2	14	No
EMP1939	38	Marketing	1	0	5562	4	2	No	18.7	No	2	16	No
EMP1940	41	Operations	3	12	9670	3	3	No	2.1	Yes	4	18	No
EMP1941	34	Engineering	2	4	8756	2	4	No	7.8	No	2	22	Yes
EMP1942	40	Finance	4	17	15421	4	2	No	4.2	No	3	12	No
EMP1943	34	Operations	2	12	7307	4	3	Yes	6.6	No	2	18	Yes
EMP1944	44	Sales	3	6	9812	5	1	Yes	12.3	No	2	22	No
EMP1945	34	IT	2	7	9466	3	1	No	13.1	No	2	17	No
EMP1946	41	Sales	4	17	12253	3	4	No	4.2	No	3	12	No
EMP1947	37	IT	2	6	8509	4	4	No	4.3	No	2	11	No
EMP1948	49	Sales	3	19	11029	3	1	No	4.9	No	3	15	Yes
EMP1949	37	Engineering	1	0	5691	3	4	Yes	14.6	No	3	17	No
EMP1950	22	Marketing	1	0	5053	3	2	Yes	32.9	No	2	12	Yes
EMP1951	50	IT	5	15	17711	4	4	No	5.5	No	1	21	No
EMP1952	28	Engineering	2	2	9141	3	4	No	7	No	3	11	No
EMP1953	31	Operations	1	2	5194	5	2	No	3.8	No	2	10	No
EMP1954	32	Finance	3	10	10887	3	2	Yes	19.5	No	3	14	No
EMP1955	51	Sales	4	27	14070	1	4	No	8.3	No	3	12	No
EMP1956	22	HR	1	0	3292	2	2	No	7.8	No	2	14	Yes
EMP1957	60	HR	4	32	13601	5	3	No	26.7	No	4	7	No
EMP1958	48	Engineering	5	20	17823	4	2	Yes	5	No	2	13	No
EMP1959	40	Operations	3	7	9669	3	3	No	20.8	Yes	3	16	No
EMP1960	37	IT	1	0	6447	5	2	No	18.2	No	3	27	No
EMP1961	40	Finance	2	8	8129	4	3	No	15.1	No	2	14	No
EMP1962	43	IT	4	18	15146	2	4	No	24.6	No	1	12	No
EMP1963	44	Sales	3	20	11461	1	4	No	8.1	Yes	3	18	No
EMP1964	43	Sales	2	8	7617	5	3	Yes	10.2	No	3	10	No
EMP1965	38	Operations	3	9	8919	4	2	No	10.8	No	3	21	No
EMP1966	36	Operations	3	7	8735	3	4	No	6	No	3	22	No
EMP1967	36	Sales	3	6	9426	5	2	Yes	5.8	No	4	20	Yes
EMP1968	36	Engineering	2	10	10904	3	3	Yes	2.9	No	3	13	No
EMP1969	49	Operations	1	0	3633	4	3	No	24.7	No	2	19	Yes
EMP1970	43	Sales	3	19	10847	4	3	No	7.6	No	2	16	No
EMP1971	22	Engineering	1	0	5100	4	4	No	13.4	No	3	13	No
EMP1972	44	Finance	2	7	8724	4	2	No	1.9	No	2	23	No
EMP1973	39	IT	3	11	12910	1	1	No	20.8	Yes	3	15	Yes
EMP1974	37	Operations	4	15	11726	4	4	No	8	No	2	11	No
EMP1975	34	Operations	1	0	4585	5	3	No	12.9	No	4	11	No
EMP1976	49	Engineering	3	9	12240	3	3	Yes	5	No	2	16	No
EMP1977	47	Finance	2	3	7790	4	1	Yes	11.1	Yes	2	16	Yes
EMP1978	30	Sales	2	2	5832	3	3	Yes	6.6	No	3	16	No
EMP1979	42	IT	3	5	11915	4	3	Yes	8.4	No	2	19	Yes
EMP1980	28	HR	2	2	5676	4	2	No	9.2	No	3	7	No
EMP1981	24	Marketing	1	0	4909	4	2	No	6.3	No	3	14	No
EMP1982	31	Operations	2	4	5499	4	1	No	14.6	No	2	19	Yes
EMP1983	46	Sales	5	17	13926	3	4	No	21.8	No	2	17	No
EMP1984	47	IT	2	2	8485	2	2	Yes	24.5	No	1	12	No
EMP1985	43	Engineering	4	21	16520	3	4	No	14.6	No	2	15	No
EMP1986	45	Engineering	1	1	6954	4	3	Yes	2.9	No	2	12	No
EMP1987	43	Sales	2	3	6623	3	3	No	13.9	No	1	16	No
EMP1988	31	Operations	1	1	4296	3	1	No	5.9	No	4	18	No
EMP1989	42	Operations	2	8	7840	1	1	Yes	1	Yes	4	16	No
EMP1990	46	Sales	4	18	13186	2	2	No	4.8	No	3	18	No
EMP1991	45	Sales	3	9	8746	2	2	Yes	10	Yes	3	10	No
EMP1992	49	IT	4	21	16634	5	2	No	9	No	3	13	No
EMP1993	45	Sales	4	14	11197	4	2	No	4.8	No	3	18	No
EMP1994	41	Marketing	1	0	5235	2	3	No	15.5	No	2	19	No
EMP1995	48	Marketing	2	10	8876	3	2	Yes	21.4	No	3	13	No
EMP1996	37	Operations	3	13	9603	4	3	Yes	1	No	1	10	No
EMP1997	29	Marketing	3	6	9712	5	2	No	18.1	No	3	16	No
EMP1998	36	Engineering	3	14	12676	3	2	Yes	16.8	No	3	12	Yes
EMP1999	30	IT	2	2	7183	3	3	No	10	No	3	12	No
EMP2000	31	Sales	2	7	7425	4	3	No	2.3	No	3	23	No
EMP2001	36	Engineering	1	4	6616	5	1	Yes	7.4	No	2	23	No
EMP2002	30	Sales	3	7	9902	3	4	No	1	No	3	14	No
EMP2003	34	IT	1	1	5813	2	3	No	10.1	No	3	13	No
EMP2004	22	Finance	1	0	5236	3	3	No	4.4	No	1	12	No
EMP2005	40	Sales	3	6	8743	3	2	Yes	3.4	No	4	22	No
EMP2006	38	Finance	3	6	10380	3	1	No	13.9	No	2	16	No
EMP2007	29	Engineering	3	6	11472	5	3	Yes	33.4	No	2	18	No
EMP2008	44	IT	3	7	10974	5	2	No	10.6	No	3	12	No
EMP2009	47	Engineering	4	13	15456	3	1	No	14.2	No	3	13	Yes
EMP2010	22	Finance	1	0	5699	4	3	Yes	8.3	No	2	16	No
EMP2011	30	Marketing	1	0	4272	2	3	No	1.8	No	3	19	No
EMP2012	30	Sales	2	2	6647	4	4	Yes	12.4	No	2	12	No
EMP2013	28	Operations	2	4	7037	4	2	No	1.8	No	3	10	No
EMP2014	46	Sales	3	5	9378	3	2	No	12.4	No	3	14	No
EMP2015	36	Finance	2	2	7480	2	2	No	21.5	No	2	19	Yes
EMP2016	35	Operations	1	3	5316	3	4	No	6.1	No	3	13	Yes
EMP2017	22	Marketing	1	0	4735	3	3	No	12.8	No	3	6	No
EMP2018	44	Sales	5	20	14710	4	2	Yes	3.6	No	2	10	No
EMP2019	25	IT	1	2	5924	4	3	No	5.8	No	2	13	No
EMP2020	38	Sales	1	2	4198	2	4	Yes	2.2	No	3	20	No
EMP2021	40	Marketing	2	3	7060	3	3	No	6.3	No	3	15	No
EMP2022	51	Operations	2	4	7102	5	1	No	13.4	No	3	10	No
EMP2023	24	IT	1	1	6586	4	1	No	5.4	No	3	16	No
EMP2024	22	Marketing	1	0	5340	2	2	No	3.5	No	1	13	No
EMP2025	39	Engineering	3	9	12037	4	3	No	10.4	No	2	14	No
EMP2026	56	Operations	2	7	7830	5	2	No	13.4	No	3	13	Yes
EMP2027	50	Sales	4	11	12044	3	4	No	10.1	No	3	20	No
EMP2028	40	Sales	2	2	6541	3	3	Yes	7.1	No	3	12	No
EMP2029	33	IT	3	10	10962	3	2	Yes	3.9	No	3	14	Yes
EMP2030	46	Marketing	4	17	13980	5	3	No	10.9	No	2	20	No
EMP2031	28	Sales	3	6	9620	4	3	No	18.9	Yes	3	16	No
EMP2032	42	Marketing	2	7	8264	4	2	No	12.1	No	2	20	Yes
EMP2033	43	Sales	1	0	3544	2	3	No	2.9	No	2	14	Yes
EMP2034	48	Sales	4	13	11949	5	2	No	2.2	Yes	3	16	No
EMP2035	60	Sales	4	22	14288	4	2	Yes	16.5	No	2	21	No
EMP2036	41	Operations	4	12	10963	5	1	No	15.5	No	3	14	No
EMP2037	32	Operations	3	8	9741	4	3	Yes	22.5	No	3	24	No
EMP2038	37	Marketing	4	11	13001	4	1	Yes	2.8	No	3	14	No
EMP2039	22	Sales	1	0	4523	2	1	No	30.3	No	2	16	Yes
EMP2040	31	Finance	1	2	6501	4	3	No	11.5	No	3	17	No
EMP2041	33	Engineering	1	1	5845	3	2	Yes	14.6	No	2	16	No
EMP2042	32	HR	1	4	3981	2	1	No	4.2	No	3	14	No
EMP2043	39	Operations	3	12	8752	4	1	No	3.2	Yes	2	13	No
EMP2044	29	HR	3	6	8203	4	2	Yes	11.1	No	3	10	No
EMP2045	49	Marketing	3	9	10572	3	3	Yes	7	No	3	17	Yes
EMP2046	38	IT	1	0	5458	2	1	No	3.9	No	2	12	No
EMP2047	37	HR	3	12	9609	3	3	No	3.6	No	2	8	Yes
EMP2048	34	Marketing	3	5	9794	3	3	No	23.1	No	2	8	No
EMP2049	39	Marketing	2	8	8614	3	3	Yes	16.8	No	2	21	No
EMP2050	46	Sales	2	9	7309	4	4	No	10.2	Yes	2	12	No
EMP2051	29	Finance	2	6	8509	3	4	No	12.6	No	3	10	No
EMP2052	31	Finance	3	8	10217	5	3	No	19	No	2	12	No
EMP2053	34	Sales	3	6	8859	1	1	No	31.1	No	4	10	No
EMP2054	24	Sales	1	1	4762	3	3	Yes	15.1	No	2	21	No
EMP2055	29	IT	2	2	8139	4	1	Yes	4.8	No	2	26	Yes
EMP2056	33	Marketing	2	6	7869	5	2	No	2.1	No	2	24	No
EMP2057	46	Sales	3	23	11669	1	3	No	6	No	2	17	No
EMP2058	40	Engineering	1	1	5882	5	1	No	10.6	No	4	20	No
EMP2059	39	Marketing	4	13	12817	3	3	No	6.1	No	3	18	No
EMP2060	46	Sales	2	5	6684	4	2	No	21.8	No	1	18	No
EMP2061	36	Sales	2	4	6429	5	3	Yes	3.5	No	1	18	No
EMP2062	41	Operations	1	4	5414	3	3	No	6.5	No	1	16	No
EMP2063	36	Finance	3	12	10984	4	3	No	2.4	No	2	8	No
EMP2064	40	Engineering	4	18	16326	5	2	Yes	4.5	No	2	20	No
EMP2065	32	Sales	1	2	4117	4	2	No	9.2	No	2	24	No
EMP2066	22	HR	1	0	4755	3	3	No	6	No	2	12	No
EMP2067	36	Engineering	3	5	11837	5	3	No	6	No	1	11	No
EMP2068	52	Engineering	4	27	17063	4	2	No	11	No	1	9	No
EMP2069	47	Engineering	3	25	15021	3	2	No	5.2	No	3	12	No
EMP2070	47	Sales	3	9	9993	2	4	No	24.5	No	3	9	No
EMP2071	50	Engineering	5	22	19189	3	4	No	12.1	Yes	4	22	No
EMP2072	38	IT	3	13	12626	3	3	Yes	8.1	No	3	9	No
EMP2073	39	Engineering	3	16	13311	3	3	No	28.7	No	3	17	No
EMP2074	31	Engineering	1	2	7008	5	3	Yes	14.1	No	3	17	Yes
EMP2075	34	Engineering	3	11	12437	5	3	No	2.5	No	3	9	No
EMP2076	44	HR	1	0	4060	3	1	No	1.4	No	2	14	No
EMP2077	50	Operations	3	9	9341	3	3	No	10.1	No	4	11	No
EMP2078	36	Engineering	1	2	6140	4	2	Yes	22.8	No	3	9	No
EMP2079	33	Operations	2	4	7030	4	2	No	3.5	Yes	2	21	No
EMP2080	38	Sales	2	9	8095	2	2	No	1.8	No	3	16	No
EMP2081	44	Operations	4	15	12912	3	2	No	12.2	No	3	20	No
EMP2082	23	Sales	1	0	4438	5	3	Yes	6.1	No	3	25	No
EMP2083	22	Sales	1	0	4799	4	3	No	17.7	No	3	16	No
EMP2084	32	Sales	2	5	7283	3	3	Yes	15	No	3	20	No
EMP2085	25	Sales	1	0	4905	4	2	Yes	8.9	No	3	15	No
EMP2086	32	HR	2	4	6164	4	3	Yes	2.7	No	2	9	No
EMP2087	36	Engineering	3	10	12532	5	3	No	5.7	No	2	23	No
EMP2088	33	Finance	2	9	9122	5	3	No	13.1	No	2	15	No
EMP2089	52	Sales	1	1	5080	3	4	Yes	5.8	No	1	17	No
EMP2090	41	HR	2	4	5239	1	3	Yes	12.4	No	3	14	No
EMP2091	41	Engineering	1	0	5880	3	3	Yes	13.7	No	2	16	No
EMP2092	44	Marketing	2	9	9410	3	1	Yes	13.7	No	2	14	No
EMP2093	26	Sales	1	4	5870	2	2	Yes	5.9	No	3	11	No
EMP2094	48	Sales	5	25	15601	5	3	Yes	4.3	No	3	17	No
EMP2095	37	Engineering	2	8	9896	4	2	No	7.7	No	3	15	No
EMP2096	44	Operations	5	21	14329	1	1	Yes	10.1	No	1	15	No
EMP2097	27	Finance	2	2	8315	5	3	No	10.6	No	2	21	No
EMP2098	22	Sales	1	0	4061	5	1	No	11.8	No	4	9	No
EMP2099	46	Sales	3	8	8967	5	3	No	20.1	No	4	12	No
EMP2100	41	Sales	2	2	6274	4	3	Yes	1.4	No	3	13	No
EMP2101	28	Engineering	2	6	9077	2	3	No	25.8	No	2	16	No
EMP2102	29	Marketing	2	3	8237	4	3	No	10.5	No	2	12	No
EMP2103	49	Sales	2	12	7516	2	3	No	7	No	2	21	No
EMP2104	26	Engineering	2	3	9831	4	2	No	4.6	No	2	18	Yes
EMP2105	54	Marketing	4	22	14502	2	3	No	11	No	4	21	No
EMP2106	28	Engineering	2	4	8416	5	3	Yes	10.9	No	3	14	No
EMP2107	44	Sales	4	14	11715	5	2	No	5.5	No	3	13	No
EMP2108	34	HR	3	7	8469	4	3	No	4.7	No	2	21	No
EMP2109	44	Engineering	2	4	8353	4	3	No	4.2	No	2	14	No
EMP2110	32	Operations	3	7	8435	5	2	No	10.7	Yes	1	16	No
EMP2111	36	Operations	3	12	8791	3	2	No	4.1	No	2	14	No
EMP2112	38	Sales	1	0	4817	4	4	No	1	No	2	20	No
EMP2113	27	Sales	1	0	3939	2	1	Yes	14.5	No	3	11	Yes
EMP2114	45	Engineering	3	6	10945	5	2	Yes	1.8	Yes	1	15	No
EMP2115	32	Engineering	3	5	12282	5	3	No	1	No	3	16	No
EMP2116	35	IT	2	4	8567	3	4	Yes	10.5	No	3	10	No
EMP2117	28	Engineering	3	5	11353	4	2	No	10.1	No	3	22	No
EMP2118	22	Operations	1	0	4435	3	4	No	4.7	No	4	6	No
EMP2119	36	HR	2	14	7686	1	3	No	5	No	3	13	No
EMP2120	60	Operations	4	20	11828	3	3	No	3.3	No	2	9	No
EMP2121	45	Finance	5	16	16394	2	4	No	22.9	No	2	18	No
EMP2122	37	Finance	2	7	9109	3	4	No	1.8	Yes	3	12	No
EMP2123	35	HR	1	1	3667	3	2	Yes	10.3	No	2	13	No
EMP2124	38	Operations	3	6	8441	4	2	Yes	1.2	No	2	17	No
EMP2125	43	Engineering	5	21	19583	3	1	Yes	14.5	No	2	8	No
EMP2126	26	IT	1	1	5801	4	3	No	4.1	No	2	11	No
EMP2127	49	Marketing	3	17	12166	4	2	No	35.5	No	3	14	No
EMP2128	45	Engineering	5	18	17795	4	3	Yes	14.3	No	4	12	No
EMP2129	45	IT	5	19	18022	5	3	Yes	13.8	No	4	15	No
EMP2130	42	Operations	2	6	7403	4	4	No	27.5	No	3	13	No
EMP2131	38	Operations	3	7	8324	2	1	No	13.5	No	4	11	Yes
EMP2132	44	Engineering	2	12	11158	4	3	No	1.8	No	2	12	No
EMP2133	43	IT	4	17	15283	3	1	Yes	3.7	No	2	15	No
EMP2134	34	Finance	3	7	10368	4	3	No	17.7	No	2	11	No
EMP2135	32	Marketing	4	10	13001	5	1	No	3.8	No	3	14	No
EMP2136	39	IT	2	8	10112	1	3	Yes	11.9	No	2	12	No
EMP2137	53	Sales	4	22	12576	1	4	No	2.8	No	3	10	No
EMP2138	25	Sales	2	3	6970	2	4	No	4	No	2	10	No
EMP2139	23	Marketing	1	0	4663	5	2	No	5.7	No	3	22	No
EMP2140	39	Sales	2	7	6839	3	4	No	10.7	No	2	14	No
EMP2141	38	Finance	4	11	13309	3	3	No	5	No	2	14	No
EMP2142	39	Sales	1	1	4755	3	3	No	13	No	1	19	No
EMP2143	40	Sales	4	14	12646	3	1	No	11.8	No	3	15	No
EMP2144	35	Engineering	2	4	8969	1	3	No	20.9	No	2	12	No
EMP2145	52	HR	4	23	12460	5	3	No	8.4	No	4	10	No
EMP2146	22	Sales	1	0	4223	3	3	No	4.5	No	4	19	No
EMP2147	29	Sales	1	1	4586	5	2	No	3.4	Yes	3	13	No
EMP2148	36	Engineering	1	0	5565	5	3	No	8.2	No	2	15	No
EMP2149	22	Operations	1	0	3294	4	3	No	11.5	No	3	15	No
EMP2150	36	Operations	3	14	9404	3	2	No	6.7	No	2	12	No
EMP2151	54	Sales	3	8	9864	4	4	No	15.5	No	2	13	No
EMP2152	38	HR	1	2	3052	1	1	No	26.4	No	3	13	Yes
EMP2153	40	Engineering	4	18	16450	5	2	No	1.4	No	4	9	No
EMP2154	25	Engineering	1	1	6314	3	2	Yes	8.8	No	2	11	Yes
EMP2155	31	IT	2	3	8500	3	3	No	24.9	No	3	14	No
EMP2156	34	Engineering	3	7	11587	2	4	Yes	3.2	No	3	26	No
EMP2157	34	Engineering	1	0	6239	5	3	No	3.2	No	4	14	No
EMP2158	50	Sales	3	23	12249	4	1	No	16.1	No	2	14	No
EMP2159	43	IT	3	14	12668	4	4	Yes	17	No	2	14	No
EMP2160	26	HR	2	2	5794	5	2	No	25.7	No	3	20	No
EMP2161	40	Marketing	2	9	9699	5	2	No	7.7	No	3	17	No
EMP2162	42	HR	3	11	8893	3	3	No	4.4	No	3	25	No
EMP2163	49	Engineering	3	27	14030	4	4	No	16	Yes	3	13	No
EMP2164	53	Operations	3	5	8473	4	1	No	7	No	3	16	No
EMP2165	27	Sales	2	4	6605	4	3	No	2.2	No	3	10	No
EMP2166	29	Finance	2	4	8123	2	2	No	4.2	No	3	12	No
EMP2167	25	Marketing	1	3	6089	5	3	No	7	No	2	12	No
EMP2168	35	Sales	3	12	10338	3	2	Yes	8.1	No	2	14	No
EMP2169	42	Sales	5	16	13218	4	4	No	1	No	2	16	No
EMP2170	47	Finance	1	0	4635	1	2	No	7.1	No	3	14	Yes
EMP2171	37	Engineering	2	4	9070	3	2	No	4.6	No	3	17	No
EMP2172	34	Engineering	2	11	10536	4	1	No	3.5	No	2	16	No
EMP2173	39	Sales	5	16	12976	3	3	No	9.2	No	2	12	No
EMP2174	29	Operations	1	1	4839	3	1	No	6.1	No	2	17	No
EMP2175	58	Operations	3	10	10293	2	2	No	7.5	No	2	12	No
EMP2176	22	Operations	1	0	4793	3	2	No	2.4	Yes	2	11	No
EMP2177	39	HR	3	11	8453	4	3	No	2.8	No	2	13	No
EMP2178	58	Marketing	2	12	9121	5	3	No	9.7	No	2	16	No
EMP2179	38	Sales	3	7	9266	3	4	No	16	No	2	17	No
EMP2180	36	Sales	1	0	5390	4	4	Yes	50	No	4	14	No
EMP2181	34	Operations	3	8	9327	5	4	No	15	No	3	15	No
EMP2182	36	Operations	3	11	8760	4	3	No	8.1	Yes	3	17	No
EMP2183	51	Operations	1	1	4643	1	4	No	4.5	No	3	12	No
EMP2184	22	HR	1	0	3589	5	3	No	9.2	No	3	13	Yes
EMP2185	53	Operations	3	13	10029	5	2	No	3.8	No	3	10	No
EMP2186	23	IT	1	0	5673	3	2	No	7.1	No	3	10	No
EMP2187	35	Engineering	1	1	6130	2	3	Yes	22.3	No	2	10	No
EMP2188	33	Sales	1	3	5034	5	4	No	11.7	No	3	17	No
EMP2189	43	HR	2	11	6974	4	2	No	14.5	No	2	17	No
EMP2190	22	Sales	1	0	4553	3	4	No	12.5	No	2	12	No
EMP2191	42	Operations	4	15	11719	4	2	Yes	25.1	No	2	14	No
EMP2192	58	Engineering	3	9	12009	4	3	Yes	14.7	No	1	14	No
EMP2193	24	Marketing	1	2	5409	3	2	No	22.1	No	3	14	No
EMP2194	39	Marketing	2	3	7077	4	3	No	4	No	3	9	No
EMP2195	31	HR	3	5	7334	3	4	No	28.3	No	3	17	No
EMP2196	42	Sales	2	4	6882	3	3	No	5.7	No	2	10	Yes
EMP2197	38	IT	1	2	6608	3	2	No	17.5	No	4	20	No
EMP2198	31	Sales	2	9	8142	1	3	No	24.9	No	4	16	No
EMP2199	42	Operations	3	10	9521	3	3	No	7	No	3	15	No
EMP2200	56	Operations	4	18	12444	3	4	No	8.6	No	2	13	No
EMP2201	36	Sales	3	13	10142	2	3	No	7.5	No	3	10	No
EMP2202	45	IT	5	20	17805	4	3	Yes	30.5	Yes	4	16	No
EMP2203	25	HR	1	3	4319	4	4	Yes	2.5	No	2	18	No
EMP2204	28	Marketing	2	2	7239	4	4	No	4.4	No	3	19	No
EMP2205	42	Marketing	3	20	11671	3	3	No	12.8	No	3	11	No
EMP2206	52	HR	1	3	4746	4	4	No	7.5	No	3	18	No
EMP2207	41	Sales	3	5	8543	2	3	No	10.2	No	2	16	No
EMP2208	34	Operations	1	0	3275	2	3	No	7.1	No	2	18	Yes
EMP2209	37	Marketing	3	5	10279	1	1	No	1	No	2	17	No
EMP2210	25	Sales	2	2	6855	5	3	Yes	16.9	No	3	16	Yes
EMP2211	44	Finance	4	12	13037	4	1	No	4.8	Yes	3	11	No
EMP2212	46	Finance	3	21	12726	2	2	Yes	7.2	No	3	19	Yes
EMP2213	33	Marketing	3	9	10301	4	3	Yes	11.7	No	2	21	No
EMP2214	33	Sales	4	10	11398	3	2	No	1.8	No	3	14	No
EMP2215	40	Engineering	3	5	12602	3	2	Yes	12.6	No	2	17	No
EMP2216	33	Sales	1	1	4170	5	1	Yes	5	No	2	10	Yes
EMP2217	37	HR	1	0	3489	4	3	No	8.5	No	4	15	No
EMP2218	58	IT	5	30	20215	4	3	No	8.3	No	1	11	No
EMP2219	35	Sales	1	2	4708	2	4	Yes	4.6	No	1	13	No
EMP2220	34	Engineering	2	4	9586	2	3	No	3.1	No	2	13	Yes
EMP2221	31	Operations	2	3	6197	4	3	No	18.4	No	2	14	No
EMP2222	45	Sales	4	22	13809	2	3	No	10	No	2	17	No
EMP2223	36	Sales	2	3	6611	3	4	Yes	7.9	No	4	17	No
EMP2224	31	Marketing	2	7	7987	4	2	No	8.7	No	2	17	Yes
EMP2225	51	Operations	3	6	7941	3	1	Yes	6	No	4	16	No
EMP2226	52	Operations	3	25	12173	2	3	Yes	3.2	No	3	15	No
EMP2227	31	Operations	2	8	6703	4	4	Yes	8.4	No	3	17	Yes
EMP2228	22	Engineering	1	0	5361	5	3	No	5.9	No	1	20	No
EMP2229	48	Operations	5	16	14130	2	2	No	1.6	No	3	15	No
EMP2230	31	Sales	1	4	5429	5	3	Yes	2.3	No	2	16	No
EMP2231	45	Engineering	3	12	13392	4	4	No	1.9	No	3	18	No
EMP2232	22	Engineering	1	0	5643	4	3	No	6.4	No	3	14	No
EMP2233	46	Sales	2	3	7052	4	2	Yes	11.6	No	2	16	No
EMP2234	25	Engineering	1	1	6850	4	2	Yes	28.9	No	3	11	No
EMP2235	45	Marketing	4	16	12828	3	4	No	7.6	No	3	15	No
EMP2236	38	HR	5	16	12963	4	4	No	16.5	No	3	15	No
EMP2237	28	Engineering	3	5	11323	3	2	Yes	9.8	Yes	2	22	No
EMP2238	33	Finance	1	0	5303	3	2	No	8.7	No	4	15	No
EMP2239	44	Finance	3	7	10539	1	4	Yes	5.2	No	3	17	No
EMP2240	39	Engineering	1	1	6363	2	4	No	3.2	No	2	11	No
EMP2241	43	Engineering	4	12	14881	5	3	Yes	8.5	No	3	11	No
EMP2242	57	Engineering	4	29	17087	2	2	Yes	31.5	No	2	13	No
EMP2243	22	Sales	1	0	5209	5	2	Yes	12.7	No	3	17	No
EMP2244	54	Operations	4	21	12415	4	3	No	8.5	No	4	17	Yes
EMP2245	39	Sales	4	15	11366	5	3	No	8.9	No	4	16	No
EMP2246	29	Sales	2	5	6707	4	3	Yes	21.4	No	2	20	No
EMP2247	24	Sales	1	1	3909	5	2	No	10.3	No	2	13	Yes
EMP2248	36	Operations	2	5	6316	3	2	Yes	18.3	No	3	12	No
EMP2249	47	Sales	4	23	13526	4	1	No	8.7	No	3	15	No
EMP2250	36	Finance	2	3	8459	3	4	No	7.4	No	2	11	No
EMP2251	53	Sales	2	2	7022	1	3	No	8.2	No	3	9	No
EMP2252	23	Operations	1	1	4038	4	3	Yes	16.8	No	1	20	Yes
EMP2253	37	IT	1	3	6071	4	4	Yes	28.7	No	1	17	No
EMP2254	25	HR	1	1	4369	2	3	No	19.1	No	3	15	No
EMP2255	41	Operations	3	5	8741	4	3	No	20.6	No	4	13	No
EMP2256	46	Finance	2	4	8229	2	1	No	11.6	No	3	12	No
EMP2257	33	Operations	3	10	9381	3	2	No	19.3	No	3	13	No
EMP2258	22	Operations	1	0	3919	3	2	Yes	29.5	No	4	14	No
EMP2259	39	Sales	3	8	8225	1	3	Yes	2.1	No	2	10	Yes
EMP2260	42	HR	2	10	7553	2	3	Yes	13.5	No	3	17	No
EMP2261	42	IT	2	5	9151	3	3	No	5.1	No	2	13	No
EMP2262	50	Engineering	5	15	17801	3	4	Yes	11.2	No	3	14	No
EMP2263	27	IT	2	2	8507	4	1	No	9.7	No	3	11	Yes
EMP2264	44	Marketing	2	10	9078	3	3	Yes	33.7	Yes	3	18	No
EMP2265	49	HR	4	20	11795	2	2	No	12.4	No	3	14	No
EMP2266	22	Finance	1	0	4053	2	4	No	16.4	No	2	18	Yes
EMP2267	41	Operations	2	14	6964	4	3	Yes	6.6	No	3	17	No
EMP2268	32	Engineering	3	9	12819	5	3	No	18.1	No	2	10	No
EMP2269	37	Sales	2	7	7646	5	3	Yes	8.7	No	2	14	No
EMP2270	41	Finance	3	8	11667	2	2	No	6.7	No	3	23	Yes
EMP2271	33	IT	3	7	12233	1	3	Yes	11.8	No	1	17	No
EMP2272	31	Marketing	2	2	8014	1	4	No	5	Yes	3	13	No
EMP2273	38	Sales	2	8	6795	4	1	Yes	16.5	No	4	17	No
EMP2274	27	Sales	2	3	6649	3	4	No	4	No	1	17	No
EMP2275	27	IT	1	1	5507	1	2	No	5.8	No	4	14	No
EMP2276	44	Sales	2	8	7581	2	2	No	16.4	No	2	17	No
EMP2277	26	Marketing	1	2	4622	5	3	No	10.3	No	3	13	No
EMP2278	44	Sales	3	14	10221	5	1	Yes	38.4	No	2	14	No
EMP2279	42	Engineering	4	18	15038	2	3	Yes	11.3	No	2	20	No
EMP2280	22	Engineering	1	0	5826	2	3	Yes	4.8	No	3	12	No
EMP2281	31	Sales	1	1	5379	5	2	No	28.2	No	2	16	No
EMP2282	49	Operations	2	9	6888	3	2	No	4.1	No	3	17	No
EMP2283	28	Engineering	3	6	11353	5	3	No	23.5	No	2	14	No
EMP2284	33	Engineering	1	2	6362	3	4	No	3.2	No	1	13	No
EMP2285	42	HR	5	16	12891	4	3	No	10.5	No	2	19	Yes
EMP2286	45	IT	3	19	13446	3	3	Yes	21.1	No	3	21	No
EMP2287	35	Finance	2	7	8352	5	4	No	4	No	2	22	No
EMP2288	32	Sales	1	4	4799	4	3	No	6.7	No	3	19	No
EMP2289	52	Sales	1	1	4684	3	2	No	4.2	No	3	15	No
EMP2290	55	Marketing	5	16	15891	4	3	No	17.7	No	4	14	No
EMP2291	47	Operations	3	17	9744	3	4	Yes	4.5	No	4	15	No
EMP2292	38	Engineering	4	16	15501	3	3	Yes	7.3	No	4	13	No
EMP2293	29	Sales	1	1	3682	5	4	No	6.6	No	2	14	No
EMP2294	29	Finance	1	2	5581	3	3	No	1.4	No	2	24	No
EMP2295	43	Marketing	1	0	5100	4	3	No	11.1	No	3	11	No
EMP2296	42	Marketing	4	10	12935	5	2	Yes	10	No	3	17	No
EMP2297	52	Sales	4	24	13106	3	3	No	9.5	No	2	16	No
EMP2298	44	Sales	2	9	7735	5	3	Yes	31.4	No	3	12	No
EMP2299	22	Engineering	1	0	6135	3	3	No	8.2	No	2	16	No
EMP2300	48	Sales	2	4	6003	1	4	No	1.4	No	4	19	No
EMP2301	28	IT	1	4	5771	2	2	No	5.3	No	3	18	No
EMP2302	34	Sales	3	7	9401	4	3	No	15.5	No	2	17	No
EMP2303	40	Marketing	2	11	8680	2	1	No	6.1	No	2	19	No
EMP2304	57	HR	4	35	14097	5	2	No	7.5	No	3	18	No
EMP2305	60	Engineering	4	30	17235	5	3	No	3.5	No	3	13	No
EMP2306	44	Operations	3	22	10135	3	4	No	30.1	No	3	17	No
EMP2307	36	Finance	3	5	10889	4	4	Yes	8.4	No	3	14	No
EMP2308	43	IT	3	18	13223	4	3	Yes	2.3	No	2	16	No
EMP2309	46	Sales	3	8	8329	4	3	Yes	5.8	No	4	22	No
EMP2310	34	Sales	3	11	9700	3	3	No	5.1	Yes	3	23	No
EMP2311	55	Sales	5	25	16340	3	3	No	5.1	No	2	17	No
EMP2312	40	Engineering	2	14	10799	5	3	No	5.6	No	2	10	No
EMP2313	42	Engineering	4	15	15002	1	3	Yes	2.6	No	2	11	No
EMP2314	44	Operations	3	12	9443	3	4	No	8	Yes	3	17	No
EMP2315	42	Engineering	4	20	16097	4	3	Yes	2.1	Yes	2	11	No
EMP2316	46	IT	4	23	17033	5	2	No	5.1	No	2	12	No
EMP2317	31	HR	2	6	5937	2	4	No	4.8	No	4	11	No
EMP2318	32	Marketing	3	8	10849	4	2	No	5.9	Yes	1	10	No
EMP2319	26	Engineering	2	3	8253	3	4	Yes	2.4	No	3	19	Yes
EMP2320	42	Sales	2	3	6916	4	2	No	15.8	No	2	19	No
EMP2321	45	Operations	2	10	7702	3	4	No	5.9	No	2	10	No
EMP2322	42	Sales	2	7	7926	4	3	No	6	No	3	14	No
EMP2323	54	Operations	4	29	13974	2	3	Yes	2.4	No	4	10	No
EMP2324	37	Marketing	2	9	7587	4	4	No	5.7	Yes	2	18	No
EMP2325	44	Operations	2	6	6780	4	3	No	7.1	No	2	16	No
EMP2326	27	Finance	2	3	8405	5	4	No	5.8	No	3	14	No
EMP2327	34	Engineering	2	2	9243	2	3	No	6.8	No	3	19	No
EMP2328	44	Marketing	2	6	7334	4	1	No	11.9	No	2	10	No
EMP2329	46	Sales	2	3	6280	3	2	No	12.7	No	3	18	No
EMP2330	35	HR	4	12	9868	3	3	No	6.1	No	3	15	No
EMP2331	37	Sales	1	3	4949	3	4	No	8.2	No	3	12	No
EMP2332	22	Engineering	1	0	6135	3	1	No	6.5	No	3	18	No
EMP2333	34	Sales	1	0	4677	3	2	No	1.3	No	3	13	No
EMP2334	46	IT	2	6	8887	4	3	No	9.3	No	3	15	No
EMP2335	43	HR	4	16	11143	4	3	No	3.5	No	2	15	No
EMP2336	43	IT	1	3	6197	2	2	No	10.9	No	3	13	No
EMP2337	38	Sales	4	10	11283	4	4	Yes	9.9	No	3	15	No
EMP2338	38	Marketing	2	2	6382	3	2	Yes	1	No	3	13	No
EMP2339	31	Engineering	1	2	5821	5	2	No	7.5	No	3	20	No
EMP2340	44	Engineering	2	11	10318	3	3	No	5.9	No	3	20	No
EMP2341	42	Operations	1	0	3977	1	3	No	10.5	No	2	23	No
EMP2342	42	IT	1	3	5999	3	1	No	17.3	No	2	18	No
EMP2343	32	Sales	1	0	5133	3	4	No	4.5	No	3	18	No
EMP2344	22	IT	1	0	6337	1	1	No	20.4	No	2	17	Yes
EMP2345	48	Finance	3	13	11484	3	2	No	4.6	No	2	18	No
EMP2346	33	IT	2	7	9915	5	4	No	6.5	No	2	16	No
EMP2347	29	Marketing	2	6	7802	4	2	No	6.7	No	3	15	No
EMP2348	44	IT	4	16	15559	4	4	No	20.1	No	2	12	No
EMP2349	34	Operations	3	11	9192	3	2	Yes	1.7	No	3	11	No
EMP2350	48	Sales	5	21	14530	3	1	Yes	7.3	No	3	18	No
EMP2351	44	Engineering	3	22	14500	3	2	No	2.6	No	2	14	Yes
EMP2352	44	Sales	3	13	9598	2	3	No	6.1	No	2	8	No
EMP2353	24	Marketing	1	1	5071	2	3	No	17	No	3	14	No
EMP2354	50	Operations	1	3	4648	4	2	No	36.4	No	1	12	No
EMP2355	40	Operations	4	13	10997	4	3	Yes	12.7	No	2	8	No
EMP2356	34	Finance	2	2	7320	2	3	No	3.8	No	2	16	No
EMP2357	39	Engineering	2	12	10453	3	3	Yes	4.4	No	2	11	No
EMP2358	22	Sales	1	0	4960	2	4	Yes	3	No	4	20	Yes
EMP2359	42	Sales	3	17	10732	3	3	No	2.9	No	2	18	No
EMP2360	27	Finance	2	2	7619	4	4	No	5.8	No	3	13	No
EMP2361	24	Sales	1	1	5733	1	3	No	5.3	No	3	14	No
EMP2362	22	Sales	1	0	4384	4	3	No	9.1	No	3	14	No
EMP2363	49	Engineering	3	8	11875	2	2	Yes	10.4	No	3	15	No
EMP2364	31	Sales	2	2	5137	3	2	Yes	5.7	No	3	12	No
EMP2365	53	Sales	3	13	9429	3	3	No	8.7	No	4	18	No
EMP2366	32	Sales	3	10	10180	3	4	No	12.9	No	3	10	No
EMP2367	22	IT	1	0	7446	4	2	No	8.1	No	4	15	Yes
EMP2368	26	Sales	1	2	5442	5	3	No	4.5	No	2	22	No
EMP2369	50	Operations	4	18	11419	3	4	Yes	3.5	No	3	13	No
EMP2370	36	Sales	2	3	6988	4	2	Yes	4.5	No	4	14	No
EMP2371	32	Operations	3	8	8565	3	3	No	15.1	No	3	6	No
EMP2372	39	Marketing	4	10	12320	5	2	No	15.9	No	2	16	Yes
EMP2373	43	Operations	4	16	10989	5	3	No	5.7	Yes	3	16	No
EMP2374	49	Operations	3	27	11869	2	2	No	12.6	No	3	14	No
EMP2375	52	Marketing	3	26	12265	5	1	No	3.1	No	3	14	No
EMP2376	34	IT	1	0	4649	4	3	No	14.3	No	1	16	No
EMP2377	24	Marketing	2	2	7095	5	2	No	8.1	No	2	20	No
EMP2378	33	Finance	1	2	4520	4	2	No	17.7	No	3	13	No
EMP2379	40	Engineering	3	13	12345	2	4	No	10.9	No	3	14	No
EMP2380	28	IT	1	2	6399	4	2	No	23	No	3	17	No
EMP2381	28	Operations	2	6	7345	4	3	No	2.5	No	1	17	No
EMP2382	41	Sales	5	18	14718	2	4	No	13.5	No	3	15	No
EMP2383	37	Marketing	2	2	7184	4	1	Yes	4.3	No	3	12	No
EMP2384	38	Operations	1	1	4077	4	4	No	3.8	No	2	6	No
EMP2385	30	Operations	1	0	3736	5	3	No	8.5	No	3	13	No
EMP2386	35	IT	3	8	12383	4	3	Yes	4.9	No	3	9	No
EMP2387	28	Sales	3	5	8220	3	3	No	13.6	No	3	14	No
EMP2388	46	Engineering	3	5	11612	5	3	No	11	Yes	3	16	No
EMP2389	48	HR	4	23	12546	4	3	No	1.4	No	3	19	No
EMP2390	22	Sales	1	0	3507	3	4	Yes	11.9	No	2	22	No
EMP2391	28	Engineering	1	2	5092	1	3	No	9.2	No	3	12	No
EMP2392	23	Marketing	1	0	5295	4	2	No	4.9	No	2	21	No
EMP2393	31	Sales	3	8	8572	2	3	No	4.7	No	2	10	Yes
EMP2394	37	Engineering	3	14	13054	5	4	No	3	No	3	15	No
EMP2395	23	Sales	1	0	4062	5	2	No	2.8	No	4	25	No
EMP2396	28	Finance	2	4	8433	3	2	No	12.1	No	2	20	No
EMP2397	27	Engineering	1	1	6351	2	3	No	12.9	No	3	21	No
EMP2398	40	Sales	2	14	8902	4	4	No	4.5	No	2	14	No
EMP2399	38	HR	3	8	8621	3	3	No	6.1	No	3	7	No
EMP2400	30	Sales	1	2	4912	3	3	Yes	3.9	No	2	15	No
EMP2401	39	IT	2	9	10339	3	2	Yes	18.5	No	3	17	No
EMP2402	32	Engineering	1	3	5961	4	3	No	5	No	1	24	No
EMP2403	35	Operations	2	9	7256	5	2	Yes	30.3	No	3	15	No
EMP2404	54	HR	3	6	8555	3	2	No	5.1	No	3	12	No
EMP2405	51	Operations	2	3	5000	4	3	No	7.2	No	2	15	No
EMP2406	25	Sales	2	2	7362	3	3	No	9.7	No	3	21	No
EMP2407	46	Sales	3	11	9666	5	2	Yes	6.1	No	2	14	No
EMP2408	46	Operations	4	15	11704	1	4	No	4.5	No	2	19	No
EMP2409	26	Sales	2	3	6503	3	3	No	7.9	No	3	11	No
EMP2410	46	Finance	2	8	9120	2	3	No	4	No	3	12	No
EMP2411	53	Engineering	2	2	8832	2	2	No	8.5	No	2	22	No
EMP2412	26	Finance	2	3	7587	3	4	No	10.9	Yes	2	13	No
EMP2413	28	IT	1	1	5730	3	3	No	5.1	No	2	19	No
EMP2414	48	IT	4	12	14811	3	3	No	6.4	Yes	4	19	No
EMP2415	40	Engineering	5	18	19035	3	4	Yes	5.4	No	2	15	No
EMP2416	43	Engineering	2	6	9112	3	4	No	1.9	Yes	3	13	No
EMP2417	41	IT	2	9	8824	3	3	Yes	4.7	No	3	13	No
EMP2418	41	Operations	3	11	9386	4	3	No	21.5	No	2	17	No
EMP2419	24	Sales	1	1	4499	4	2	No	15.5	No	2	21	No
EMP2420	48	Marketing	1	2	5701	2	2	No	16.3	No	2	18	Yes
EMP2421	49	Sales	3	25	11477	1	3	No	2	No	2	11	No
EMP2422	35	IT	2	8	8639	1	4	No	11.3	No	3	16	No
EMP2423	37	Sales	3	12	10684	3	3	Yes	2.2	No	4	17	No
EMP2424	22	Marketing	1	0	4763	3	3	Yes	8	No	4	23	No
EMP2425	43	Finance	3	11	11097	3	2	No	5.8	No	2	16	No
EMP2426	43	IT	4	18	15118	4	3	No	7.3	No	1	10	No
EMP2427	37	Operations	4	14	12045	4	2	No	7.5	No	2	22	No
EMP2428	49	Sales	2	7	8496	2	2	No	19.4	No	2	20	No
EMP2429	34	Marketing	3	11	10255	2	3	No	5.5	No	3	18	No
EMP2430	43	IT	4	19	15512	3	1	No	21.2	No	3	11	No
EMP2431	27	Finance	2	5	8610	3	2	No	5.1	No	2	16	No
EMP2432	37	Finance	4	11	12818	3	3	No	9.2	No	4	13	No
EMP2433	36	Operations	2	9	6974	4	2	No	9.8	No	3	12	No
EMP2434	40	Engineering	1	1	7095	2	4	No	12.7	No	3	9	No
EMP2435	34	Finance	3	7	10787	3	2	Yes	6	No	3	17	No
EMP2436	36	Sales	3	12	10531	4	2	No	4	No	3	14	No
EMP2437	46	Engineering	5	24	19166	5	2	No	19.6	No	2	13	No
EMP2438	33	Operations	3	6	7396	4	4	No	16.7	No	2	17	No
EMP2439	22	Sales	1	0	4996	2	2	Yes	6.1	No	4	20	Yes
EMP2440	55	Engineering	5	22	18725	4	3	No	6.7	No	3	17	No
EMP2441	51	Engineering	4	15	16165	4	3	Yes	3.6	No	2	16	No
EMP2442	25	Sales	2	2	6701	2	1	No	14.6	No	3	15	No
EMP2443	44	Operations	2	3	6333	4	4	Yes	9.6	No	4	13	No
EMP2444	32	Finance	1	0	5735	5	3	No	8.8	No	2	9	No
EMP2445	40	Sales	4	15	12339	4	2	Yes	8.5	No	4	15	No
EMP2446	40	HR	5	18	12232	3	3	No	14.8	No	2	14	Yes
EMP2447	35	HR	2	6	7030	3	3	No	11.1	No	3	19	No
EMP2448	30	Sales	2	6	7183	2	4	Yes	31.6	Yes	2	14	No
EMP2449	31	Operations	1	2	4513	3	3	No	7.4	No	2	11	No
EMP2450	28	Engineering	1	0	6209	4	2	No	6.1	Yes	2	13	No
EMP2451	29	Operations	2	7	7382	5	3	No	7.2	No	2	10	No
EMP2452	37	Sales	3	9	9977	3	3	No	14.4	No	2	15	Yes
EMP2453	30	Engineering	2	8	9932	3	3	No	8.4	No	3	18	No
EMP2454	44	Sales	4	21	12176	2	3	No	7.1	No	2	28	Yes
EMP2455	52	Sales	3	12	9864	4	3	No	7.1	No	2	20	No
EMP2456	32	Operations	3	6	7991	4	4	No	20	No	4	18	No
EMP2457	40	Sales	1	0	4589	3	2	No	9.6	No	3	13	No
EMP2458	42	Sales	1	0	4400	4	3	No	4.8	No	2	15	No
EMP2459	42	IT	4	19	16628	4	2	Yes	13.9	No	2	17	No
EMP2460	38	Marketing	2	13	8268	4	3	No	8.1	No	3	9	No
EMP2461	45	Sales	4	14	12005	3	3	No	26.3	No	2	10	No
EMP2462	42	IT	2	10	9676	4	3	Yes	1	No	3	24	No
EMP2463	25	Sales	2	3	6516	4	4	Yes	6.3	No	2	8	No
EMP2464	46	Operations	2	8	7068	2	3	No	9.1	No	3	10	No
EMP2465	46	Sales	3	16	11570	3	3	Yes	8.7	Yes	3	11	No
EMP2466	30	Marketing	2	3	7631	5	1	Yes	15.7	No	3	18	No
EMP2467	38	Marketing	3	6	10655	2	3	No	1.4	No	3	13	No
EMP2468	44	Sales	1	0	4265	3	1	No	4.2	No	4	10	No
EMP2469	35	Marketing	2	8	8586	3	4	No	19	Yes	1	18	No
EMP2470	48	Marketing	3	12	10394	2	3	No	5.8	No	3	17	No
EMP2471	60	Operations	4	23	12253	2	3	No	20.7	No	3	19	No
EMP2472	30	Operations	1	1	3459	3	2	Yes	11.2	No	2	17	No
EMP2473	24	HR	1	1	3616	4	4	No	7.3	No	2	15	No
EMP2474	41	HR	2	14	7727	5	3	No	6.2	No	3	10	No
EMP2475	45	Marketing	4	16	14173	4	2	No	7.8	No	2	16	No
EMP2476	35	Finance	4	12	13841	4	2	No	8.8	No	3	19	No
EMP2477	52	Engineering	3	6	11816	4	3	Yes	21.1	No	2	16	Yes
EMP2478	24	HR	1	0	4572	4	3	No	9.5	Yes	3	14	No
EMP2479	44	Marketing	3	11	10488	4	2	Yes	9.3	Yes	3	15	No
EMP2480	31	IT	2	2	7931	5	1	No	7.4	No	4	13	No
EMP2481	55	Marketing	4	22	13868	4	1	No	6.3	No	2	13	No
EMP2482	57	Sales	4	22	13760	3	3	No	28.1	No	2	14	No
EMP2483	30	Marketing	1	0	5072	3	3	No	3.9	No	3	17	No
EMP2484	32	Operations	2	2	6252	3	4	No	10	No	2	17	No
EMP2485	46	Operations	5	15	12724	3	3	No	19.6	No	3	10	No
EMP2486	34	Operations	2	9	7901	3	3	No	15.5	No	2	14	No
EMP2487	37	Operations	1	0	5123	5	3	Yes	7.5	No	3	12	No
EMP2488	38	Engineering	1	4	6686	5	3	Yes	24.4	Yes	2	11	No
EMP2489	22	HR	1	0	4459	3	3	Yes	7.1	No	3	23	No
EMP2490	37	Operations	2	2	5857	3	2	Yes	9.3	No	2	13	Yes
EMP2491	31	Engineering	1	0	6637	2	2	No	4.3	No	4	13	Yes
EMP2492	33	Engineering	1	1	6437	4	3	No	13.8	No	4	14	No
EMP2493	52	Operations	3	25	10694	5	2	No	12.2	No	2	17	No
EMP2494	25	Operations	1	0	4426	3	3	No	9.7	No	3	17	Yes
EMP2495	46	IT	5	18	18003	3	3	No	6.3	Yes	2	15	No
EMP2496	35	IT	2	5	8960	4	3	Yes	12.4	No	3	20	No
EMP2497	35	Sales	3	8	9554	3	4	Yes	20.3	No	3	13	No
EMP2498	45	IT	4	21	15886	3	3	No	8.3	No	3	14	No
EMP2499	41	Sales	3	17	10558	2	3	No	7.9	No	3	15	No
EMP2500	43	Finance	5	15	16674	3	2	No	4	No	3	12	No
EMP2501	47	Sales	1	1	4475	4	4	No	11.5	No	2	11	No
EMP2502	34	Engineering	3	12	12276	3	4	No	7.7	No	2	11	No
EMP2503	31	IT	2	7	9725	5	2	No	6.9	No	3	19	No
EMP2504	27	Engineering	1	2	6013	2	4	No	14.5	No	3	6	No
EMP2505	29	Finance	2	7	8669	3	2	No	5.3	No	3	11	Yes
EMP2506	60	Sales	2	9	7410	3	2	Yes	21.5	No	4	17	Yes
EMP2507	50	Sales	4	22	12764	5	4	Yes	1.5	No	3	20	No
EMP2508	24	Engineering	1	0	6770	4	4	No	1	No	2	11	No
EMP2509	24	Marketing	2	2	6579	5	3	No	7.7	No	2	12	No
EMP2510	42	Sales	3	11	9948	2	3	No	7.9	No	3	12	No
EMP2511	43	Engineering	2	8	9534	4	1	No	11.1	No	2	11	No
EMP2512	43	Finance	2	4	8539	2	2	No	6.5	No	3	14	Yes
EMP2513	35	Sales	2	8	7414	2	2	No	21	Yes	2	20	No
EMP2514	36	Engineering	1	1	6396	1	1	No	15.5	No	2	14	No
EMP2515	41	IT	3	7	11631	3	3	No	2.6	No	2	18	No
EMP2516	38	Engineering	3	10	12594	2	2	No	5.8	No	3	18	No
EMP2517	22	Engineering	1	0	6871	3	3	No	16.2	No	3	13	No
EMP2518	35	Finance	3	13	10916	3	1	No	5.7	No	3	12	No
EMP2519	29	Operations	1	3	4690	5	1	No	2.5	No	2	16	No
EMP2520	39	Operations	1	3	4153	4	2	No	9.5	No	3	14	No
EMP2521	60	IT	4	25	16147	3	3	Yes	7.4	Yes	2	15	No
EMP2522	41	Sales	3	9	8973	5	3	No	15.5	No	4	14	No
EMP2523	34	IT	3	7	11343	2	2	No	2.4	No	3	16	No
EMP2524	47	IT	4	12	15121	3	3	No	12.8	No	3	15	No
EMP2525	42	Operations	4	19	11901	3	3	No	6.9	No	2	17	No
EMP2526	42	HR	4	13	10922	2	4	Yes	4.4	No	2	13	No
EMP2527	44	Operations	3	20	11008	2	3	No	10.7	No	2	12	No
EMP2528	58	Sales	3	33	12624	5	2	No	6.4	No	2	20	No
EMP2529	26	Operations	1	4	4401	2	2	No	14.5	No	3	13	No
EMP2530	42	Sales	2	3	6750	5	3	No	15.9	No	3	16	No
EMP2531	28	Operations	2	6	5879	2	2	No	6.3	No	4	12	Yes
EMP2532	43	Marketing	4	18	14704	5	3	No	2.8	No	2	12	No
EMP2533	28	Sales	3	5	8852	3	4	No	3.7	No	3	17	No
EMP2534	33	Operations	1	0	4479	4	2	No	7.7	No	3	15	No
EMP2535	35	Marketing	2	12	8702	3	4	No	12.8	No	3	9	No
EMP2536	47	Finance	4	23	15868	3	2	No	7.8	No	2	26	No
EMP2537	47	Engineering	3	23	14162	3	3	Yes	6.7	No	3	15	No
EMP2538	25	Operations	1	1	4629	3	2	No	17.5	No	3	11	No
EMP2539	38	Marketing	3	11	11298	2	2	Yes	2.8	No	4	20	No
EMP2540	30	Engineering	3	6	10598	3	3	No	15.1	No	3	16	No
EMP2541	25	Marketing	2	2	7633	3	1	No	6.9	No	3	12	No
EMP2542	35	Finance	2	8	8635	4	3	No	12.7	No	2	13	No
EMP2543	34	Finance	1	0	4947	4	3	No	6.4	No	2	20	No
EMP2544	60	Engineering	3	14	12178	2	4	Yes	3.3	Yes	4	10	No
EMP2545	42	Engineering	2	2	8748	4	2	No	25.2	No	3	11	No
EMP2546	24	Marketing	1	1	5290	3	3	No	10.5	No	3	14	No
EMP2547	32	IT	2	6	8707	5	4	No	4.4	No	3	15	No
EMP2548	48	Finance	3	5	10020	3	3	No	2.5	No	3	13	No
EMP2549	58	Engineering	4	32	18057	2	3	No	3.8	Yes	3	12	No
EMP2550	22	Engineering	1	0	6034	4	2	No	3.3	No	2	13	No
EMP2551	22	HR	1	0	4300	5	3	Yes	6.4	No	3	16	Yes
EMP2552	56	Operations	3	7	8953	4	4	No	5.4	No	3	14	No
EMP2553	41	Sales	4	14	12582	3	3	Yes	1.9	No	2	13	No
EMP2554	29	Finance	2	5	8786	1	4	No	25	Yes	2	14	No
EMP2555	43	Engineering	3	15	12233	2	2	No	4.8	No	3	20	No
EMP2556	22	Sales	1	0	4495	5	4	No	3.1	No	2	19	No
EMP2557	38	Sales	4	15	12650	3	1	No	17.5	No	1	10	No
EMP2558	41	Operations	3	18	10684	5	4	Yes	4.2	No	2	15	No
EMP2559	47	IT	4	23	17424	5	2	Yes	11.7	No	3	13	No
EMP2560	27	Sales	1	0	4944	3	3	Yes	15.6	No	4	13	No
EMP2561	38	HR	1	3	3776	4	2	No	1.7	No	2	12	No
EMP2562	28	Sales	1	1	3859	2	2	Yes	2.4	No	2	9	No
EMP2563	40	Operations	4	17	11817	3	2	No	9.4	No	2	11	No
EMP2564	29	Finance	1	1	5725	4	3	No	7.3	No	3	15	No
EMP2565	33	Engineering	1	3	6175	3	4	No	9.3	No	2	12	No
EMP2566	28	Sales	2	6	7584	3	3	No	4.2	No	2	18	No
EMP2567	44	Operations	2	3	5072	4	1	No	3.5	No	2	17	No
EMP2568	46	Finance	5	15	16318	4	1	No	20.5	No	3	7	No
EMP2569	35	Sales	1	1	3508	3	2	Yes	1.7	No	4	17	No
EMP2570	38	Marketing	2	6	7523	3	1	No	8.5	No	3	13	No
EMP2571	23	Operations	1	0	4026	2	3	No	9.6	No	3	19	No
EMP2572	35	Marketing	3	5	10275	5	3	No	1.6	No	3	15	No
EMP2573	37	Engineering	4	15	14839	4	4	No	12	No	3	23	No
EMP2574	60	Marketing	3	18	11631	3	2	No	8.1	Yes	3	17	No
EMP2575	26	Marketing	1	0	4738	3	3	No	4.6	No	3	19	No
EMP2576	52	Marketing	2	2	7239	3	4	No	6.4	No	4	19	Yes
EMP2577	47	IT	2	4	8525	3	3	Yes	13.4	No	3	12	No
EMP2578	40	Sales	3	17	10523	3	3	Yes	3.8	No	3	20	No
EMP2579	55	Marketing	4	11	12324	3	4	No	2.9	No	4	13	No
EMP2580	41	Sales	4	11	11734	3	2	No	4.6	No	3	12	No
EMP2581	41	Sales	3	18	11351	4	1	No	7.8	No	3	13	No
EMP2582	37	Finance	3	14	12020	5	3	No	14	Yes	2	15	No
EMP2583	50	IT	2	8	10324	1	3	Yes	17.6	No	3	12	No
EMP2584	48	Sales	3	10	9639	4	3	No	15.5	Yes	2	15	Yes
EMP2585	31	IT	1	0	6203	4	3	No	13.5	No	2	17	No
EMP2586	24	Engineering	1	1	5770	5	4	Yes	17.9	No	3	15	Yes
EMP2587	35	Engineering	3	5	11492	3	3	No	11.2	No	3	21	No
EMP2588	29	Sales	2	6	7044	5	2	No	20.9	No	4	15	No
EMP2589	37	Marketing	3	8	9588	4	3	Yes	7.7	No	3	14	Yes
EMP2590	50	Marketing	4	18	13315	3	2	No	2.8	No	3	18	No
EMP2591	33	Engineering	2	2	8878	3	2	No	20.5	No	4	16	No
EMP2592	37	HR	2	14	8341	4	1	No	8.8	No	2	15	No
EMP2593	38	Marketing	2	4	7880	3	4	Yes	1.5	No	3	15	No
EMP2594	46	Marketing	3	10	10668	3	3	Yes	9.4	No	2	14	Yes
EMP2595	22	Engineering	1	0	5571	3	2	No	3	No	3	19	No
EMP2596	31	Operations	3	7	8852	3	4	No	11.2	No	3	23	No
EMP2597	40	Finance	2	4	7983	2	4	No	14.3	No	3	21	No
EMP2598	50	Sales	2	6	6613	4	4	No	4	No	3	13	No
EMP2599	33	Engineering	2	5	8700	5	1	Yes	6.2	No	2	25	Yes
EMP2600	22	Operations	1	0	4139	3	1	No	7.9	No	3	15	No
EMP2601	44	Sales	4	12	11430	4	1	No	14.5	No	2	13	No
EMP2602	31	Operations	1	1	4493	3	4	No	2.2	No	2	19	No
EMP2603	26	Engineering	2	2	8511	3	3	Yes	10.9	No	3	11	No
EMP2604	31	Marketing	2	3	7588	3	2	No	2.5	No	2	11	No
EMP2605	36	Engineering	2	4	8844	4	4	No	8.9	No	2	13	No
EMP2606	31	IT	3	8	11615	3	3	No	16.9	No	2	21	No
EMP2607	22	IT	1	0	5309	3	3	Yes	7	No	3	7	No
EMP2608	46	IT	3	5	11907	3	3	No	30.7	No	2	21	No
EMP2609	50	Sales	4	16	11484	4	3	No	5.1	No	3	15	No
EMP2610	44	Operations	4	18	13184	3	3	No	8.7	No	2	15	No
EMP2611	26	Marketing	1	4	5836	3	3	Yes	6.2	No	3	14	No
EMP2612	35	Finance	3	9	10468	2	2	No	5.1	No	2	22	Yes
EMP2613	37	Sales	3	7	9199	4	1	Yes	10.3	No	2	15	No
EMP2614	43	Finance	4	15	14461	2	4	No	16.1	No	2	13	No
EMP2615	44	IT	3	8	12386	4	4	No	22.8	No	3	17	No
EMP2616	30	Engineering	3	6	11025	4	3	No	8.2	No	3	14	No
EMP2617	38	Sales	3	10	8926	1	3	No	15.1	No	3	16	Yes
EMP2618	42	Sales	2	8	7672	4	1	No	10.4	No	3	12	No
EMP2619	52	Engineering	4	16	15696	4	3	Yes	1.5	No	2	19	No
EMP2620	45	Marketing	2	8	8933	2	3	No	17.8	Yes	3	11	No
EMP2621	45	Operations	2	2	5680	5	2	No	12.4	No	4	15	No
EMP2622	38	Engineering	3	7	11309	4	2	No	1.4	No	2	16	No
EMP2623	52	Marketing	3	18	12635	3	3	Yes	9.4	No	4	11	No
EMP2624	42	HR	4	19	11627	5	3	Yes	10.2	No	3	15	No
EMP2625	29	Engineering	2	7	9077	1	3	No	2.1	No	3	10	No
EMP2626	52	HR	5	15	13002	4	3	Yes	13	No	2	17	No
EMP2627	44	Sales	2	6	6174	2	4	Yes	6.6	No	2	15	No
EMP2628	33	Marketing	3	11	10839	4	3	No	4	No	3	17	No
EMP2629	33	Sales	3	6	8684	2	1	Yes	29.6	No	3	11	No
EMP2630	40	Finance	2	12	9248	4	2	Yes	15.3	No	3	17	No
EMP2631	42	Sales	2	2	7247	3	3	No	7	No	3	23	No
EMP2632	39	IT	3	11	12304	1	3	No	30.5	No	2	16	No
EMP2633	41	Operations	3	7	8046	2	3	No	3.8	No	3	12	Yes
EMP2634	54	Engineering	3	12	12625	4	4	No	1.6	No	2	15	No
EMP2635	48	Engineering	5	19	18508	3	3	No	2.9	No	3	18	No
EMP2636	39	Engineering	4	15	15318	4	2	No	13.7	No	3	17	No
EMP2637	47	Operations	2	6	6299	3	3	No	24.7	No	2	9	No
EMP2638	27	Engineering	1	3	6563	3	3	No	4.8	No	4	11	No
EMP2639	41	Operations	4	11	11240	5	1	No	6.9	Yes	3	15	No
EMP2640	56	Sales	5	16	14326	5	3	No	27.7	Yes	3	18	No
EMP2641	35	Sales	1	0	4143	5	4	No	4.3	No	4	22	No
EMP2642	29	Engineering	2	5	9071	4	3	No	4.8	Yes	3	15	No
EMP2643	31	Sales	1	0	3395	2	3	Yes	4.9	Yes	2	14	No
EMP2644	27	Marketing	1	1	5949	2	2	No	21.3	No	3	12	No
EMP2645	30	Sales	3	5	8549	2	2	Yes	2	No	2	8	No
EMP2646	34	Operations	4	11	10629	5	4	No	4.2	No	3	16	No
EMP2647	23	Operations	1	1	3692	3	3	No	8.7	No	3	13	No
EMP2648	38	Sales	3	10	10030	2	4	Yes	10.6	No	2	12	Yes
EMP2649	47	HR	4	20	12314	3	4	No	16.2	No	1	16	No
EMP2650	28	HR	1	2	4015	4	3	No	10.7	No	3	17	No
EMP2651	53	Finance	5	17	16281	2	4	No	12.1	No	1	13	No
EMP2652	43	Engineering	3	7	11860	3	2	No	3.9	No	2	12	No
EMP2653	48	Sales	4	24	13335	2	2	Yes	7.6	No	3	20	No
EMP2654	31	Engineering	3	6	12072	5	2	No	15.7	No	3	15	No
EMP2655	46	HR	2	13	7484	3	2	No	5.1	No	3	14	No
EMP2656	27	IT	2	3	8468	4	3	Yes	6.1	No	2	16	No
EMP2657	46	Operations	2	8	7415	5	3	No	10.5	No	2	20	No
EMP2658	39	Sales	4	15	11362	5	2	No	6.6	No	1	11	No
EMP2659	43	Finance	4	20	14944	3	2	No	11.5	No	4	17	No
EMP2660	26	IT	2	2	8516	3	3	No	20	No	3	22	No
EMP2661	29	Sales	3	7	8936	4	3	Yes	8.2	No	3	17	No
EMP2662	43	Finance	3	8	11240	3	3	No	8.4	No	3	17	No
EMP2663	28	HR	2	4	6310	4	3	No	11.4	No	3	20	No
EMP2664	42	Finance	1	4	6539	4	2	No	7.8	No	3	17	No
EMP2665	24	Marketing	1	1	5012	4	2	No	5.2	No	2	11	No
EMP2666	46	IT	4	18	14443	1	3	No	12.3	No	3	19	No
EMP2667	25	Engineering	1	1	5376	3	2	No	13.9	No	2	11	No
EMP2668	43	Operations	3	6	8691	3	4	No	10.4	No	2	10	No
EMP2669	44	Sales	3	8	9390	5	3	Yes	21.3	No	3	7	No
EMP2670	31	Engineering	3	8	11887	3	3	No	23.3	No	3	19	No
EMP2671	43	IT	4	13	14633	3	3	Yes	3.3	No	3	12	No
EMP2672	40	Operations	4	14	11015	3	1	No	4.9	Yes	3	17	No
EMP2673	32	Engineering	2	9	9427	4	3	Yes	22.5	No	2	15	No
EMP2674	27	Marketing	3	5	9476	3	3	No	5.9	No	3	21	No
EMP2675	22	Sales	1	0	4360	4	3	Yes	12.3	No	3	22	No
EMP2676	41	Engineering	2	11	10111	5	2	Yes	10.1	No	2	17	No
EMP2677	22	Finance	1	0	5461	2	3	No	11.2	No	2	19	No
EMP2678	38	Marketing	3	5	9586	3	4	No	34	No	1	18	No
EMP2679	35	HR	4	11	10797	3	2	No	5.9	No	2	16	No
EMP2680	44	Finance	4	12	14334	3	1	No	6.3	No	2	15	No
EMP2681	34	Engineering	3	7	12519	3	2	No	1	No	2	25	No
EMP2682	34	Sales	1	1	4555	3	3	No	21.5	No	2	23	No
EMP2683	45	Engineering	4	21	16089	2	3	No	32.1	Yes	2	24	No
EMP2684	41	IT	3	6	11308	5	3	Yes	6.6	No	3	16	No
EMP2685	41	Operations	3	11	8935	4	4	No	10.1	No	2	8	No
EMP2686	42	Engineering	2	6	9292	3	4	No	5.1	No	2	16	No
EMP2687	22	Sales	1	0	4703	3	3	No	7.9	No	3	18	No
EMP2688	45	Marketing	5	18	15753	4	1	No	25.2	No	2	15	No
EMP2689	44	Finance	3	13	11769	4	3	No	4.6	No	3	19	No
EMP2690	27	Engineering	3	5	11869	3	2	Yes	6.5	No	3	8	No
EMP2691	35	HR	3	8	9238	5	2	No	9.5	No	2	18	No
EMP2692	37	IT	1	1	5596	3	4	No	17	No	3	13	No
EMP2693	36	Marketing	4	10	12667	5	3	No	3.6	Yes	2	14	Yes
EMP2694	41	Engineering	4	15	15354	5	4	No	23.4	No	3	11	No
EMP2695	52	Marketing	3	18	11278	4	4	Yes	4.5	No	3	20	No
EMP2696	48	Sales	3	10	9240	4	3	No	9.5	No	2	17	No
EMP2697	24	Sales	1	1	4446	2	4	No	8.4	No	3	18	Yes
EMP2698	44	IT	3	10	12726	5	3	No	11.2	Yes	2	16	No
EMP2699	51	Sales	3	24	12176	4	2	No	7.5	No	3	22	No
EMP2700	41	Engineering	1	3	6003	3	3	Yes	16.2	Yes	1	12	No
EMP2701	48	Marketing	4	17	13822	3	3	No	16.3	No	3	19	No
EMP2702	58	Operations	4	12	10554	4	3	No	14.1	No	2	16	No
EMP2703	48	Operations	2	3	6016	3	4	No	2.9	No	2	14	Yes
EMP2704	40	Sales	2	9	8306	3	3	No	18	No	2	13	No
EMP2705	48	Finance	5	21	18441	2	1	Yes	15.7	No	3	11	Yes
EMP2706	39	HR	2	4	5253	4	2	No	17.6	No	2	7	No
EMP2707	38	HR	2	2	5915	4	2	No	2.5	No	3	18	No
EMP2708	34	Finance	2	9	9253	3	2	Yes	10.5	No	3	11	No
EMP2709	53	Sales	3	7	9012	2	2	Yes	11.3	No	3	12	Yes
EMP2710	29	IT	3	7	11560	2	3	No	5.5	No	3	18	No
EMP2711	53	Marketing	3	6	9697	4	3	No	17.1	No	3	14	No
EMP2712	42	Engineering	4	18	16213	2	3	Yes	15.7	No	3	17	No
EMP2713	24	Marketing	1	1	4979	3	3	Yes	9.9	No	2	17	No
EMP2714	41	Sales	4	14	12279	4	2	Yes	34.8	No	3	16	No
EMP2715	22	Marketing	1	0	5492	2	3	Yes	10.3	Yes	2	14	No
EMP2716	44	Sales	5	16	14522	4	1	No	7.3	No	3	10	No
EMP2717	46	Engineering	5	20	18508	3	4	Yes	18.4	No	2	15	No
EMP2718	32	Finance	1	0	4371	2	3	No	14.7	No	4	9	Yes
EMP2719	39	Operations	2	5	6874	3	2	No	10	Yes	2	18	No
EMP2720	57	Engineering	4	26	16377	3	3	No	3.7	No	3	20	No
EMP2721	32	Marketing	2	6	8131	3	1	No	14.9	Yes	3	18	No
EMP2722	27	HR	2	3	6241	2	3	No	28.4	No	3	18	No
EMP2723	52	Engineering	5	20	18496	3	2	No	15.6	No	3	15	No
EMP2724	57	Sales	1	1	4683	3	3	No	2	No	3	14	No
EMP2725	38	Finance	1	4	6827	3	3	No	8.9	No	3	10	No
EMP2726	48	Engineering	3	8	12647	2	3	Yes	7.3	No	3	11	No
EMP2727	51	IT	4	19	15434	3	2	No	10.4	No	3	14	No
EMP2728	30	HR	1	1	3205	3	3	No	1.4	Yes	3	20	No
EMP2729	33	Operations	2	5	7415	4	3	No	9.3	No	3	16	No
EMP2730	50	Engineering	2	7	8660	4	3	Yes	3.2	Yes	3	15	No
EMP2731	54	Operations	2	8	7125	2	4	No	7.2	No	2	13	No
EMP2732	43	Sales	3	6	8963	4	2	Yes	7.7	No	4	13	No
EMP2733	29	Operations	2	5	6847	3	3	Yes	8	No	2	15	No
EMP2734	57	Engineering	4	17	16399	2	2	No	3	No	3	16	No
EMP2735	32	HR	4	10	10330	1	2	Yes	10.1	No	3	13	No
EMP2736	34	Sales	2	4	6647	4	2	Yes	3.7	No	3	19	No
EMP2737	41	Sales	1	4	5242	4	3	Yes	3.2	No	3	18	No
EMP2738	53	Finance	4	22	14718	4	3	No	1	No	2	17	No
EMP2739	46	Marketing	3	14	10757	4	3	Yes	8.7	Yes	3	8	No
EMP2740	42	Marketing	2	4	7494	5	2	No	8.1	No	3	18	No
EMP2741	42	Engineering	3	10	12571	3	3	Yes	9.5	No	2	10	No
EMP2742	38	Sales	2	13	8943	3	2	Yes	21.2	No	3	11	No
EMP2743	43	Operations	4	18	12480	2	3	No	11.3	No	2	9	No
EMP2744	22	Operations	1	0	4660	3	1	Yes	19.5	No	3	15	No
EMP2745	35	Engineering	2	2	9246	3	2	Yes	21	No	4	10	No
EMP2746	40	Marketing	2	9	8644	4	3	No	3.4	No	1	18	No
EMP2747	26	Operations	2	3	6368	4	4	No	22.2	No	3	15	No
EMP2748	41	Operations	3	5	7809	4	1	No	21.6	No	3	9	No
EMP2749	35	Sales	2	11	7965	4	3	No	9.7	No	2	17	No
EMP2750	55	Operations	1	2	3678	4	1	No	6.3	Yes	3	8	No
EMP2751	53	Engineering	1	1	5888	3	4	No	22.9	No	2	14	No
EMP2752	33	Finance	1	1	5682	4	3	No	14.2	No	3	16	No
EMP2753	36	Engineering	1	1	6179	2	3	No	3.1	Yes	4	20	No
EMP2754	37	Marketing	3	14	10785	3	2	No	15.2	No	3	10	No
EMP2755	33	Marketing	2	4	6738	2	4	No	2.6	No	4	17	No
EMP2756	39	Engineering	4	14	15019	5	3	Yes	18.2	No	3	17	No
EMP2757	30	HR	2	4	6072	5	2	No	6.7	No	3	12	No
EMP2758	26	Finance	1	0	5594	5	3	No	3.3	No	3	15	No
EMP2759	44	HR	1	1	4496	5	2	No	2.2	No	3	15	No
EMP2760	44	Sales	4	17	12296	4	2	No	8.5	No	4	15	No
EMP2761	29	Sales	3	6	8807	5	2	Yes	12.9	Yes	2	12	No
EMP2762	46	Finance	4	19	14630	3	2	No	8.3	No	3	12	Yes
EMP2763	31	Operations	3	6	8424	3	3	No	9.8	No	3	24	No
EMP2764	40	Operations	2	2	6647	3	3	Yes	8.4	No	3	13	No
EMP2765	46	Engineering	2	4	8476	2	3	Yes	19.3	No	3	15	No
EMP2766	37	HR	4	10	9318	4	4	No	7.7	No	3	13	No
EMP2767	42	Sales	3	8	9404	2	3	No	6.3	No	3	14	Yes
EMP2768	32	IT	1	4	6987	4	2	Yes	13.1	No	2	15	No
EMP2769	36	Engineering	2	8	9753	5	2	No	6.1	Yes	2	18	No
EMP2770	35	Engineering	1	0	5504	4	2	No	11	No	4	10	Yes
EMP2771	30	Finance	3	8	11047	2	3	Yes	2.4	No	3	22	No
EMP2772	36	Operations	4	13	11217	3	3	No	2.2	No	2	16	No
EMP2773	22	Sales	1	0	4857	2	4	No	12.9	No	4	16	No
EMP2774	33	Engineering	2	4	8566	2	1	No	12.7	No	3	14	No
EMP2775	35	Marketing	2	7	8836	4	4	No	14.7	No	4	12	No
EMP2776	35	Marketing	1	4	5393	3	1	No	3.5	No	2	18	No
EMP2777	35	Sales	3	13	9720	1	3	No	3.4	No	4	16	No
EMP2778	37	Finance	3	11	11694	1	4	No	9	No	3	12	Yes
EMP2779	42	HR	3	15	8753	4	3	Yes	12.3	No	3	18	No
EMP2780	46	Operations	3	5	9338	4	3	No	3	No	2	13	No
EMP2781	31	Sales	3	7	9382	4	2	No	1.1	No	3	10	No
EMP2782	25	Sales	1	1	4510	3	4	Yes	17.6	No	3	13	No
EMP2783	27	Operations	2	2	5687	3	2	No	7.6	No	1	18	No
EMP2784	33	Finance	4	10	13505	4	2	No	6.5	No	2	18	No
EMP2785	34	Operations	2	8	7566	4	3	No	6.5	No	2	9	No
EMP2786	30	Operations	1	4	4608	1	2	No	9.4	No	2	18	No
EMP2787	25	Sales	1	0	4122	5	3	No	2.9	No	2	14	No
EMP2788	33	Engineering	3	8	12352	4	1	No	7.1	No	3	15	No
EMP2789	39	Engineering	2	3	8325	2	4	Yes	7.1	No	2	17	No
EMP2790	43	IT	4	15	15127	1	2	No	2.7	No	4	13	No
EMP2791	32	HR	2	6	6705	4	3	Yes	9.2	No	3	13	No
EMP2792	33	Sales	1	1	4841	5	4	Yes	4.1	No	2	15	No
EMP2793	28	Engineering	2	4	9215	3	4	Yes	18.9	No	4	17	No
EMP2794	37	Operations	3	14	9184	3	4	No	25.6	No	2	7	No
EMP2795	29	Operations	1	0	4106	3	3	No	5	No	3	15	No
EMP2796	43	IT	1	2	5974	4	2	Yes	3.2	No	2	17	No
EMP2797	22	Engineering	1	0	6068	4	3	Yes	27	No	2	12	No
EMP2798	34	Marketing	3	8	9300	4	3	No	3.1	No	3	18	No
EMP2799	41	Engineering	3	7	11150	2	2	No	2	No	4	14	Yes
EMP2800	39	Sales	1	0	5580	3	4	Yes	7.1	No	2	18	No
EMP2801	60	Sales	3	6	9362	3	4	Yes	10.7	No	2	7	Yes
EMP2802	41	Sales	2	6	7093	5	3	No	14.3	Yes	2	17	No
EMP2803	27	Marketing	2	2	7337	5	3	Yes	17.9	No	2	22	No
EMP2804	37	IT	1	0	6809	4	3	No	4	No	2	13	No
EMP2805	22	Sales	1	0	3562	5	3	No	14.5	Yes	3	18	No
EMP2806	37	IT	3	10	11997	4	3	No	8.7	No	2	16	No
EMP2807	29	Engineering	3	6	11529	4	2	No	12	No	2	9	No
EMP2808	47	Engineering	3	8	12621	3	3	No	8	No	3	13	Yes
EMP2809	32	Engineering	1	0	6286	4	3	No	6.4	No	3	10	No
EMP2810	36	Engineering	4	10	15782	5	1	Yes	6.2	No	2	14	No
EMP2811	31	Engineering	2	5	9557	4	1	No	13.3	No	2	23	No
EMP2812	55	Finance	1	1	5428	4	4	No	10.5	No	2	14	No
EMP2813	34	Operations	1	3	4532	3	1	No	14.4	No	3	13	No
EMP2814	56	Operations	4	27	13632	4	3	No	13.2	No	2	17	No
EMP2815	46	Engineering	1	0	6726	3	3	No	4.2	No	2	14	No
EMP2816	42	Operations	3	10	8705	2	4	No	18.4	No	1	17	Yes
EMP2817	41	Marketing	2	2	7427	3	3	Yes	16.2	No	2	21	No
EMP2818	41	IT	3	7	10510	3	2	Yes	3.4	No	3	9	No
EMP2819	22	Engineering	1	0	5853	5	2	Yes	2.5	No	2	22	No
EMP2820	35	IT	1	4	7262	4	1	No	11	No	1	13	No
EMP2821	46	Finance	5	19	17909	3	2	No	23.2	No	2	13	No
EMP2822	37	Operations	1	4	5174	4	4	No	15.2	No	4	15	No
EMP2823	23	Sales	1	1	5539	3	3	No	15.7	No	3	14	No
EMP2824	37	HR	2	5	6219	4	1	No	14.3	No	1	14	No
EMP2825	55	HR	3	10	8667	4	3	No	2.6	No	3	15	No
EMP2826	50	Sales	3	11	9610	4	2	No	13.3	No	2	17	No
EMP2827	37	Engineering	3	5	11877	2	3	No	10.4	No	3	17	No
EMP2828	47	IT	3	8	13099	4	4	No	10	No	3	11	No
EMP2829	34	Engineering	1	4	6783	5	3	Yes	8.3	No	2	21	No
EMP2830	22	Sales	1	0	3929	3	3	No	1	No	3	18	No
EMP2831	28	HR	1	4	4048	3	3	No	7.8	No	3	14	No
EMP2832	53	Sales	4	21	12614	5	1	No	4	No	3	18	No
EMP2833	35	HR	2	3	5644	5	3	No	1.2	No	3	12	No
EMP2834	35	Marketing	3	12	10349	3	3	No	3	No	3	25	No
EMP2835	35	Engineering	2	2	8809	1	3	No	1	No	3	16	No
EMP2836	57	Operations	2	12	6966	5	2	No	10	No	1	16	No
EMP2837	54	Sales	4	27	14194	1	3	No	2.3	No	2	14	No
EMP2838	60	Operations	3	10	9553	3	3	No	2.6	No	2	19	No
EMP2839	36	IT	4	10	13949	2	2	No	12.2	No	2	16	No
EMP2840	40	Sales	3	6	9172	3	3	No	5	No	2	14	No
EMP2841	22	Operations	1	0	4532	1	2	No	14.7	No	2	22	No
EMP2842	52	HR	3	16	10039	3	2	Yes	23.2	No	3	15	No
EMP2843	26	HR	1	0	4055	3	4	No	9.3	No	3	8	No
EMP2844	40	Sales	2	10	7326	2	3	No	10.5	No	4	14	No
EMP2845	27	Engineering	2	4	9053	3	1	Yes	2.7	No	1	15	Yes
EMP2846	32	IT	1	0	5721	3	2	No	4.8	Yes	3	17	No
EMP2847	29	Sales	1	1	4719	3	4	Yes	9.8	No	2	8	No
EMP2848	31	Sales	3	8	8804	5	2	No	11.7	No	3	15	No
EMP2849	32	Sales	1	4	4341	4	3	No	2.2	No	2	11	No
EMP2850	32	Marketing	3	8	9191	5	3	No	8.8	No	3	17	No
EMP2851	46	IT	4	12	13683	4	3	No	5.1	No	2	9	No
EMP2852	26	Marketing	2	4	6688	5	1	Yes	13.2	No	3	13	Yes
EMP2853	40	Sales	3	14	10712	4	2	No	4.7	No	3	10	No
EMP2854	50	Engineering	2	6	9425	5	4	No	7.7	No	2	11	No	
